onset	duration	trial_type	value	sample
165.326	1.0	NonTarget	1	165326
165.372	1.0	NonTarget	1	165372
165.539	1.0	NonTarget	1	165539
165.756	1.0	NonTarget	1	165756
165.974	1.0	Target	2	165974
166.19	1.0	NonTarget	1	166190
166.406	1.0	NonTarget	1	166406
166.627	1.0	NonTarget	1	166627
166.841	1.0	Target	2	166841
167.057	1.0	NonTarget	1	167057
167.272	1.0	NonTarget	1	167272
167.494	1.0	NonTarget	1	167494
167.706	1.0	Target	2	167706
167.926	1.0	NonTarget	1	167926
168.141	1.0	NonTarget	1	168141
168.369	1.0	NonTarget	1	168369
168.573	1.0	NonTarget	1	168573
168.823	1.0	NonTarget	1	168823
169.039	1.0	NonTarget	1	169039
169.255	1.0	NonTarget	1	169255
169.474	1.0	NonTarget	1	169474
169.709	1.0	NonTarget	1	169709
169.923	1.0	Target	2	169923
170.139	1.0	NonTarget	1	170139
170.359	1.0	NonTarget	1	170359
170.589	1.0	NonTarget	1	170589
170.809	1.0	NonTarget	1	170809
171.022	1.0	Target	2	171022
171.241	1.0	NonTarget	1	171241
171.461	1.0	NonTarget	1	171461
171.674	1.0	NonTarget	1	171674
171.889	1.0	Target	2	171889
172.109	1.0	NonTarget	1	172109
172.324	1.0	NonTarget	1	172324
172.541	1.0	NonTarget	1	172541
172.757	1.0	NonTarget	1	172757
172.973	1.0	NonTarget	1	172973
173.206	1.0	NonTarget	1	173206
173.423	1.0	NonTarget	1	173423
173.641	1.0	NonTarget	1	173641
173.859	1.0	NonTarget	1	173859
174.08	1.0	Target	2	174080
174.29	1.0	NonTarget	1	174290
174.506	1.0	NonTarget	1	174506
174.724	1.0	Target	2	174724
174.94	1.0	NonTarget	1	174940
175.155	1.0	NonTarget	1	175155
175.378	1.0	NonTarget	1	175378
175.625	1.0	Target	2	175625
175.841	1.0	NonTarget	1	175841
176.059	1.0	NonTarget	1	176059
176.272	1.0	NonTarget	1	176272
176.492	1.0	NonTarget	1	176492
176.706	1.0	NonTarget	1	176706
176.943	1.0	NonTarget	1	176943
177.16	1.0	NonTarget	1	177160
177.375	1.0	NonTarget	1	177375
177.592	1.0	NonTarget	1	177592
177.823	1.0	NonTarget	1	177823
178.039	1.0	Target	2	178039
186.055	1.0	NonTarget	1	186055
186.063	1.0	NonTarget	1	186063
186.257	1.0	NonTarget	1	186257
186.48	1.0	NonTarget	1	186480
186.691	1.0	Target	2	186691
186.908	1.0	NonTarget	1	186908
187.139	1.0	Target	2	187139
187.372	1.0	NonTarget	1	187372
187.592	1.0	NonTarget	1	187592
187.812	1.0	NonTarget	1	187812
188.024	1.0	NonTarget	1	188024
188.238	1.0	NonTarget	1	188238
188.465	1.0	NonTarget	1	188465
188.672	1.0	NonTarget	1	188672
188.892	1.0	NonTarget	1	188892
189.125	1.0	NonTarget	1	189125
189.338	1.0	NonTarget	1	189338
189.557	1.0	Target	2	189557
189.773	1.0	NonTarget	1	189773
190.019	1.0	NonTarget	1	190019
190.24	1.0	Target	2	190240
190.457	1.0	NonTarget	1	190457
190.672	1.0	NonTarget	1	190672
190.893	1.0	NonTarget	1	190893
191.105	1.0	Target	2	191105
191.324	1.0	NonTarget	1	191324
191.539	1.0	NonTarget	1	191539
191.761	1.0	NonTarget	1	191761
191.98	1.0	NonTarget	1	191980
192.206	1.0	NonTarget	1	192206
192.425	1.0	NonTarget	1	192425
192.638	1.0	NonTarget	1	192638
192.858	1.0	NonTarget	1	192858
193.094	1.0	NonTarget	1	193094
193.307	1.0	Target	2	193307
193.525	1.0	NonTarget	1	193525
193.739	1.0	NonTarget	1	193739
193.955	1.0	NonTarget	1	193955
194.174	1.0	NonTarget	1	194174
194.388	1.0	NonTarget	1	194388
194.605	1.0	NonTarget	1	194605
194.838	1.0	Target	2	194838
195.063	1.0	NonTarget	1	195063
195.305	1.0	Target	2	195305
195.538	1.0	NonTarget	1	195538
195.772	1.0	NonTarget	1	195772
195.988	1.0	NonTarget	1	195988
196.222	1.0	NonTarget	1	196222
196.446	1.0	NonTarget	1	196446
196.66	1.0	NonTarget	1	196660
196.888	1.0	NonTarget	1	196888
197.089	1.0	NonTarget	1	197089
197.307	1.0	Target	2	197307
197.526	1.0	NonTarget	1	197526
197.738	1.0	NonTarget	1	197738
197.961	1.0	NonTarget	1	197961
198.174	1.0	NonTarget	1	198174
198.405	1.0	NonTarget	1	198405
198.622	1.0	NonTarget	1	198622
198.838	1.0	Target	2	198838
206.821	1.0	NonTarget	1	206821
206.869	1.0	NonTarget	1	206869
207.04	1.0	Target	2	207040
207.256	1.0	NonTarget	1	207256
207.488	1.0	NonTarget	1	207488
207.705	1.0	NonTarget	1	207705
207.938	1.0	NonTarget	1	207938
208.158	1.0	NonTarget	1	208158
208.372	1.0	Target	2	208372
208.607	1.0	NonTarget	1	208607
208.824	1.0	NonTarget	1	208824
209.038	1.0	NonTarget	1	209038
209.262	1.0	NonTarget	1	209262
209.472	1.0	NonTarget	1	209472
209.692	1.0	NonTarget	1	209692
209.905	1.0	NonTarget	1	209905
210.125	1.0	Target	2	210125
210.341	1.0	NonTarget	1	210341
210.556	1.0	Target	2	210556
210.788	1.0	NonTarget	1	210788
211.006	1.0	NonTarget	1	211006
211.225	1.0	NonTarget	1	211225
211.438	1.0	NonTarget	1	211438
211.655	1.0	NonTarget	1	211655
211.893	1.0	NonTarget	1	211893
212.108	1.0	Target	2	212108
212.322	1.0	NonTarget	1	212322
212.538	1.0	NonTarget	1	212538
212.767	1.0	NonTarget	1	212767
212.98	1.0	NonTarget	1	212980
213.188	1.0	NonTarget	1	213188
213.405	1.0	Target	2	213405
213.622	1.0	NonTarget	1	213622
213.838	1.0	NonTarget	1	213838
214.06	1.0	NonTarget	1	214060
214.277	1.0	NonTarget	1	214277
214.488	1.0	NonTarget	1	214488
214.721	1.0	NonTarget	1	214721
214.938	1.0	NonTarget	1	214938
215.184	1.0	NonTarget	1	215184
215.413	1.0	NonTarget	1	215413
215.605	1.0	Target	2	215605
215.824	1.0	NonTarget	1	215824
216.041	1.0	NonTarget	1	216041
216.255	1.0	NonTarget	1	216255
216.471	1.0	NonTarget	1	216471
216.721	1.0	NonTarget	1	216721
216.955	1.0	Target	2	216955
217.188	1.0	NonTarget	1	217188
217.405	1.0	NonTarget	1	217405
217.642	1.0	NonTarget	1	217642
217.841	1.0	NonTarget	1	217841
218.059	1.0	NonTarget	1	218059
218.289	1.0	Target	2	218289
218.509	1.0	NonTarget	1	218509
218.725	1.0	NonTarget	1	218725
218.938	1.0	Target	2	218938
219.16	1.0	NonTarget	1	219160
219.381	1.0	NonTarget	1	219381
219.588	1.0	NonTarget	1	219588
227.605	1.0	NonTarget	1	227605
227.652	1.0	NonTarget	1	227652
227.825	1.0	NonTarget	1	227825
228.043	1.0	Target	2	228043
228.257	1.0	NonTarget	1	228257
228.472	1.0	NonTarget	1	228472
228.695	1.0	NonTarget	1	228695
228.908	1.0	NonTarget	1	228908
229.127	1.0	NonTarget	1	229127
229.338	1.0	Target	2	229338
229.6	1.0	NonTarget	1	229600
229.809	1.0	NonTarget	1	229809
230.021	1.0	NonTarget	1	230021
230.254	1.0	NonTarget	1	230254
230.488	1.0	NonTarget	1	230488
230.705	1.0	NonTarget	1	230705
230.923	1.0	NonTarget	1	230923
231.138	1.0	Target	2	231138
231.36	1.0	NonTarget	1	231360
231.578	1.0	NonTarget	1	231578
231.793	1.0	NonTarget	1	231793
232.006	1.0	NonTarget	1	232006
232.223	1.0	Target	2	232223
232.441	1.0	NonTarget	1	232441
232.654	1.0	NonTarget	1	232654
232.88	1.0	NonTarget	1	232880
233.088	1.0	Target	2	233088
233.305	1.0	NonTarget	1	233305
233.521	1.0	NonTarget	1	233521
233.738	1.0	NonTarget	1	233738
233.977	1.0	Target	2	233977
234.19	1.0	NonTarget	1	234190
234.433	1.0	NonTarget	1	234433
234.638	1.0	NonTarget	1	234638
234.858	1.0	NonTarget	1	234858
235.072	1.0	NonTarget	1	235072
235.288	1.0	NonTarget	1	235288
235.505	1.0	NonTarget	1	235505
235.721	1.0	Target	2	235721
235.965	1.0	NonTarget	1	235965
236.178	1.0	NonTarget	1	236178
236.389	1.0	NonTarget	1	236389
236.604	1.0	NonTarget	1	236604
236.824	1.0	NonTarget	1	236824
237.059	1.0	NonTarget	1	237059
237.274	1.0	Target	2	237274
237.49	1.0	NonTarget	1	237490
237.705	1.0	NonTarget	1	237705
237.922	1.0	NonTarget	1	237922
238.141	1.0	NonTarget	1	238141
238.359	1.0	NonTarget	1	238359
238.571	1.0	NonTarget	1	238571
238.789	1.0	Target	2	238789
239.014	1.0	NonTarget	1	239014
239.237	1.0	NonTarget	1	239237
239.454	1.0	Target	2	239454
239.716	1.0	NonTarget	1	239716
239.904	1.0	NonTarget	1	239904
240.141	1.0	NonTarget	1	240141
240.36	1.0	NonTarget	1	240360
248.306	1.0	NonTarget	1	248306
248.351	1.0	NonTarget	1	248351
248.521	1.0	Target	2	248521
248.737	1.0	NonTarget	1	248737
248.974	1.0	NonTarget	1	248974
249.187	1.0	NonTarget	1	249187
249.404	1.0	NonTarget	1	249404
249.622	1.0	Target	2	249622
249.841	1.0	NonTarget	1	249841
250.059	1.0	NonTarget	1	250059
250.273	1.0	NonTarget	1	250273
250.498	1.0	NonTarget	1	250498
250.721	1.0	NonTarget	1	250721
250.938	1.0	Target	2	250938
251.156	1.0	NonTarget	1	251156
251.372	1.0	NonTarget	1	251372
251.588	1.0	NonTarget	1	251588
251.805	1.0	NonTarget	1	251805
252.021	1.0	NonTarget	1	252021
252.237	1.0	NonTarget	1	252237
252.458	1.0	NonTarget	1	252458
252.672	1.0	NonTarget	1	252672
252.887	1.0	Target	2	252887
253.107	1.0	NonTarget	1	253107
253.324	1.0	NonTarget	1	253324
253.537	1.0	NonTarget	1	253537
253.756	1.0	NonTarget	1	253756
253.978	1.0	NonTarget	1	253978
254.188	1.0	Target	2	254188
254.407	1.0	NonTarget	1	254407
254.623	1.0	NonTarget	1	254623
254.837	1.0	Target	2	254837
255.057	1.0	NonTarget	1	255057
255.271	1.0	NonTarget	1	255271
255.492	1.0	NonTarget	1	255492
255.704	1.0	NonTarget	1	255704
255.921	1.0	NonTarget	1	255921
256.137	1.0	Target	2	256137
256.358	1.0	NonTarget	1	256358
256.581	1.0	NonTarget	1	256581
256.787	1.0	NonTarget	1	256787
257.004	1.0	NonTarget	1	257004
257.224	1.0	NonTarget	1	257224
257.439	1.0	Target	2	257439
257.654	1.0	NonTarget	1	257654
257.897	1.0	NonTarget	1	257897
258.121	1.0	NonTarget	1	258121
258.34	1.0	NonTarget	1	258340
258.554	1.0	NonTarget	1	258554
258.77	1.0	NonTarget	1	258770
258.993	1.0	Target	2	258993
259.207	1.0	NonTarget	1	259207
259.422	1.0	NonTarget	1	259422
259.638	1.0	NonTarget	1	259638
259.854	1.0	Target	2	259854
260.074	1.0	NonTarget	1	260074
260.291	1.0	NonTarget	1	260291
260.504	1.0	NonTarget	1	260504
260.721	1.0	NonTarget	1	260721
260.94	1.0	NonTarget	1	260940
268.965	1.0	NonTarget	1	268965
269.011	1.0	NonTarget	1	269011
269.172	1.0	Target	2	269172
269.388	1.0	NonTarget	1	269388
269.62	1.0	NonTarget	1	269620
269.858	1.0	NonTarget	1	269858
270.071	1.0	NonTarget	1	270071
270.288	1.0	NonTarget	1	270288
270.504	1.0	NonTarget	1	270504
270.755	1.0	NonTarget	1	270755
270.978	1.0	NonTarget	1	270978
271.187	1.0	Target	2	271187
271.404	1.0	NonTarget	1	271404
271.625	1.0	NonTarget	1	271625
271.837	1.0	Target	2	271837
272.058	1.0	NonTarget	1	272058
272.299	1.0	NonTarget	1	272299
272.504	1.0	NonTarget	1	272504
272.724	1.0	NonTarget	1	272724
272.937	1.0	Target	2	272937
273.157	1.0	NonTarget	1	273157
273.404	1.0	NonTarget	1	273404
273.637	1.0	NonTarget	1	273637
273.873	1.0	NonTarget	1	273873
274.097	1.0	NonTarget	1	274097
274.308	1.0	NonTarget	1	274308
274.521	1.0	NonTarget	1	274521
274.743	1.0	NonTarget	1	274743
274.954	1.0	NonTarget	1	274954
275.19	1.0	Target	2	275190
275.388	1.0	NonTarget	1	275388
275.604	1.0	NonTarget	1	275604
275.82	1.0	Target	2	275820
276.039	1.0	NonTarget	1	276039
276.273	1.0	NonTarget	1	276273
276.49	1.0	NonTarget	1	276490
276.707	1.0	NonTarget	1	276707
276.921	1.0	NonTarget	1	276921
277.14	1.0	Target	2	277140
277.356	1.0	NonTarget	1	277356
277.58	1.0	NonTarget	1	277580
277.788	1.0	NonTarget	1	277788
278.004	1.0	NonTarget	1	278004
278.222	1.0	NonTarget	1	278222
278.437	1.0	NonTarget	1	278437
278.673	1.0	NonTarget	1	278673
278.891	1.0	Target	2	278891
279.12	1.0	NonTarget	1	279120
279.34	1.0	Target	2	279340
279.555	1.0	NonTarget	1	279555
279.804	1.0	NonTarget	1	279804
280.02	1.0	NonTarget	1	280020
280.239	1.0	NonTarget	1	280239
280.453	1.0	NonTarget	1	280453
280.67	1.0	NonTarget	1	280670
280.904	1.0	NonTarget	1	280904
281.12	1.0	Target	2	281120
281.337	1.0	NonTarget	1	281337
281.571	1.0	NonTarget	1	281571
281.79	1.0	NonTarget	1	281790
289.854	1.0	NonTarget	1	289854
289.901	1.0	NonTarget	1	289901
290.073	1.0	NonTarget	1	290073
290.287	1.0	Target	2	290287
290.505	1.0	NonTarget	1	290505
290.721	1.0	NonTarget	1	290721
290.937	1.0	Target	2	290937
291.156	1.0	NonTarget	1	291156
291.371	1.0	NonTarget	1	291371
291.587	1.0	NonTarget	1	291587
291.803	1.0	NonTarget	1	291803
292.022	1.0	NonTarget	1	292022
292.245	1.0	NonTarget	1	292245
292.457	1.0	Target	2	292457
292.67	1.0	NonTarget	1	292670
292.887	1.0	NonTarget	1	292887
293.107	1.0	NonTarget	1	293107
293.322	1.0	NonTarget	1	293322
293.537	1.0	NonTarget	1	293537
293.753	1.0	NonTarget	1	293753
294.003	1.0	NonTarget	1	294003
294.221	1.0	Target	2	294221
294.44	1.0	NonTarget	1	294440
294.654	1.0	NonTarget	1	294654
294.87	1.0	NonTarget	1	294870
295.087	1.0	NonTarget	1	295087
295.305	1.0	NonTarget	1	295305
295.537	1.0	NonTarget	1	295537
295.766	1.0	Target	2	295766
295.97	1.0	NonTarget	1	295970
296.187	1.0	NonTarget	1	296187
296.406	1.0	NonTarget	1	296406
296.622	1.0	Target	2	296622
296.837	1.0	NonTarget	1	296837
297.053	1.0	NonTarget	1	297053
297.279	1.0	NonTarget	1	297279
297.487	1.0	NonTarget	1	297487
297.703	1.0	Target	2	297703
297.936	1.0	NonTarget	1	297936
298.17	1.0	NonTarget	1	298170
298.387	1.0	NonTarget	1	298387
298.607	1.0	NonTarget	1	298607
298.82	1.0	NonTarget	1	298820
299.037	1.0	NonTarget	1	299037
299.258	1.0	NonTarget	1	299258
299.47	1.0	NonTarget	1	299470
299.688	1.0	NonTarget	1	299688
299.903	1.0	Target	2	299903
300.136	1.0	NonTarget	1	300136
300.37	1.0	Target	2	300370
300.587	1.0	NonTarget	1	300587
300.804	1.0	NonTarget	1	300804
301.02	1.0	NonTarget	1	301020
301.239	1.0	NonTarget	1	301239
301.456	1.0	NonTarget	1	301456
301.671	1.0	NonTarget	1	301671
301.887	1.0	NonTarget	1	301887
302.103	1.0	Target	2	302103
302.32	1.0	NonTarget	1	302320
302.537	1.0	NonTarget	1	302537
310.52	1.0	NonTarget	1	310520
310.562	1.0	NonTarget	1	310562
310.737	1.0	NonTarget	1	310737
310.953	1.0	NonTarget	1	310953
311.17	1.0	Target	2	311170
311.386	1.0	NonTarget	1	311386
311.605	1.0	NonTarget	1	311605
311.82	1.0	NonTarget	1	311820
312.053	1.0	Target	2	312053
312.27	1.0	NonTarget	1	312270
312.488	1.0	NonTarget	1	312488
312.709	1.0	NonTarget	1	312709
312.936	1.0	Target	2	312936
313.156	1.0	NonTarget	1	313156
313.37	1.0	NonTarget	1	313370
313.594	1.0	NonTarget	1	313594
313.806	1.0	NonTarget	1	313806
314.022	1.0	NonTarget	1	314022
314.237	1.0	NonTarget	1	314237
314.453	1.0	NonTarget	1	314453
314.68	1.0	NonTarget	1	314680
314.889	1.0	NonTarget	1	314889
315.103	1.0	Target	2	315103
315.32	1.0	NonTarget	1	315320
315.539	1.0	NonTarget	1	315539
315.759	1.0	NonTarget	1	315759
315.994	1.0	NonTarget	1	315994
316.203	1.0	Target	2	316203
316.436	1.0	NonTarget	1	316436
316.725	1.0	NonTarget	1	316725
316.928	1.0	NonTarget	1	316928
317.136	1.0	Target	2	317136
317.356	1.0	NonTarget	1	317356
317.571	1.0	NonTarget	1	317571
317.786	1.0	NonTarget	1	317786
318.02	1.0	NonTarget	1	318020
318.236	1.0	NonTarget	1	318236
318.456	1.0	NonTarget	1	318456
318.686	1.0	NonTarget	1	318686
318.903	1.0	NonTarget	1	318903
319.121	1.0	NonTarget	1	319121
319.336	1.0	Target	2	319336
319.553	1.0	NonTarget	1	319553
319.77	1.0	NonTarget	1	319770
319.987	1.0	Target	2	319987
320.203	1.0	NonTarget	1	320203
320.42	1.0	NonTarget	1	320420
320.636	1.0	NonTarget	1	320636
320.856	1.0	Target	2	320856
321.072	1.0	NonTarget	1	321072
321.303	1.0	NonTarget	1	321303
321.52	1.0	NonTarget	1	321520
321.737	1.0	NonTarget	1	321737
321.953	1.0	NonTarget	1	321953
322.17	1.0	NonTarget	1	322170
322.389	1.0	NonTarget	1	322389
322.604	1.0	NonTarget	1	322604
322.82	1.0	NonTarget	1	322820
323.039	1.0	NonTarget	1	323039
323.259	1.0	Target	2	323259
331.253	1.0	NonTarget	1	331253
331.299	1.0	NonTarget	1	331299
331.474	1.0	NonTarget	1	331474
331.686	1.0	NonTarget	1	331686
331.903	1.0	Target	2	331903
332.119	1.0	NonTarget	1	332119
332.376	1.0	Target	2	332376
332.587	1.0	NonTarget	1	332587
332.805	1.0	NonTarget	1	332805
333.02	1.0	NonTarget	1	333020
333.238	1.0	NonTarget	1	333238
333.456	1.0	NonTarget	1	333456
333.672	1.0	NonTarget	1	333672
333.887	1.0	NonTarget	1	333887
334.103	1.0	NonTarget	1	334103
334.323	1.0	NonTarget	1	334323
334.538	1.0	NonTarget	1	334538
334.761	1.0	Target	2	334761
334.97	1.0	NonTarget	1	334970
335.189	1.0	NonTarget	1	335189
335.406	1.0	Target	2	335406
335.619	1.0	NonTarget	1	335619
335.836	1.0	NonTarget	1	335836
336.06	1.0	NonTarget	1	336060
336.272	1.0	Target	2	336272
336.489	1.0	NonTarget	1	336489
336.72	1.0	NonTarget	1	336720
336.939	1.0	NonTarget	1	336939
337.153	1.0	NonTarget	1	337153
337.375	1.0	NonTarget	1	337375
337.607	1.0	NonTarget	1	337607
337.819	1.0	NonTarget	1	337819
338.052	1.0	NonTarget	1	338052
338.271	1.0	NonTarget	1	338271
338.489	1.0	Target	2	338489
338.709	1.0	NonTarget	1	338709
338.92	1.0	NonTarget	1	338920
339.139	1.0	NonTarget	1	339139
339.369	1.0	NonTarget	1	339369
339.587	1.0	NonTarget	1	339587
339.803	1.0	NonTarget	1	339803
340.019	1.0	Target	2	340019
340.238	1.0	NonTarget	1	340238
340.472	1.0	Target	2	340472
340.691	1.0	NonTarget	1	340691
340.92	1.0	NonTarget	1	340920
341.14	1.0	NonTarget	1	341140
341.373	1.0	NonTarget	1	341373
341.589	1.0	NonTarget	1	341589
341.803	1.0	NonTarget	1	341803
342.019	1.0	NonTarget	1	342019
342.238	1.0	NonTarget	1	342238
342.456	1.0	Target	2	342456
342.671	1.0	NonTarget	1	342671
342.886	1.0	NonTarget	1	342886
343.103	1.0	NonTarget	1	343103
343.322	1.0	NonTarget	1	343322
343.54	1.0	NonTarget	1	343540
343.754	1.0	NonTarget	1	343754
343.984	1.0	Target	2	343984
351.986	1.0	Target	2	351986
352.032	1.0	NonTarget	1	352032
352.206	1.0	NonTarget	1	352206
352.42	1.0	NonTarget	1	352420
352.669	1.0	NonTarget	1	352669
352.886	1.0	NonTarget	1	352886
353.104	1.0	NonTarget	1	353104
353.321	1.0	NonTarget	1	353321
353.537	1.0	NonTarget	1	353537
353.76	1.0	Target	2	353760
353.969	1.0	NonTarget	1	353969
354.203	1.0	NonTarget	1	354203
354.424	1.0	NonTarget	1	354424
354.636	1.0	NonTarget	1	354636
354.852	1.0	NonTarget	1	354852
355.07	1.0	NonTarget	1	355070
355.285	1.0	Target	2	355285
355.502	1.0	NonTarget	1	355502
355.736	1.0	NonTarget	1	355736
355.953	1.0	Target	2	355953
356.186	1.0	NonTarget	1	356186
356.404	1.0	NonTarget	1	356404
356.639	1.0	NonTarget	1	356639
356.869	1.0	NonTarget	1	356869
357.12	1.0	NonTarget	1	357120
357.336	1.0	NonTarget	1	357336
357.555	1.0	NonTarget	1	357555
357.769	1.0	Target	2	357769
357.989	1.0	NonTarget	1	357989
358.208	1.0	NonTarget	1	358208
358.419	1.0	NonTarget	1	358419
358.636	1.0	NonTarget	1	358636
358.852	1.0	NonTarget	1	358852
359.072	1.0	Target	2	359072
359.286	1.0	NonTarget	1	359286
359.502	1.0	NonTarget	1	359502
359.719	1.0	NonTarget	1	359719
359.936	1.0	NonTarget	1	359936
360.17	1.0	Target	2	360170
360.386	1.0	NonTarget	1	360386
360.619	1.0	NonTarget	1	360619
360.836	1.0	NonTarget	1	360836
361.055	1.0	NonTarget	1	361055
361.269	1.0	NonTarget	1	361269
361.486	1.0	NonTarget	1	361486
361.702	1.0	Target	2	361702
361.927	1.0	NonTarget	1	361927
362.136	1.0	NonTarget	1	362136
362.356	1.0	NonTarget	1	362356
362.577	1.0	NonTarget	1	362577
362.788	1.0	Target	2	362788
363.002	1.0	NonTarget	1	363002
363.22	1.0	NonTarget	1	363220
363.452	1.0	NonTarget	1	363452
363.676	1.0	NonTarget	1	363676
363.9	1.0	NonTarget	1	363900
364.114	1.0	Target	2	364114
364.339	1.0	NonTarget	1	364339
364.552	1.0	NonTarget	1	364552
364.769	1.0	NonTarget	1	364769
372.802	1.0	NonTarget	1	372802
372.848	1.0	NonTarget	1	372848
373.055	1.0	NonTarget	1	373055
373.27	1.0	NonTarget	1	373270
373.486	1.0	Target	2	373486
373.702	1.0	NonTarget	1	373702
373.952	1.0	Target	2	373952
374.169	1.0	NonTarget	1	374169
374.393	1.0	NonTarget	1	374393
374.602	1.0	NonTarget	1	374602
374.822	1.0	NonTarget	1	374822
375.042	1.0	NonTarget	1	375042
375.264	1.0	Target	2	375264
375.469	1.0	NonTarget	1	375469
375.688	1.0	NonTarget	1	375688
375.904	1.0	NonTarget	1	375904
376.119	1.0	NonTarget	1	376119
376.336	1.0	NonTarget	1	376336
376.558	1.0	NonTarget	1	376558
376.769	1.0	NonTarget	1	376769
377.002	1.0	NonTarget	1	377002
377.219	1.0	NonTarget	1	377219
377.442	1.0	NonTarget	1	377442
377.656	1.0	Target	2	377656
377.869	1.0	NonTarget	1	377869
378.119	1.0	NonTarget	1	378119
378.338	1.0	Target	2	378338
378.555	1.0	NonTarget	1	378555
378.769	1.0	NonTarget	1	378769
378.988	1.0	NonTarget	1	378988
379.202	1.0	NonTarget	1	379202
379.435	1.0	NonTarget	1	379435
379.669	1.0	Target	2	379669
379.885	1.0	NonTarget	1	379885
380.108	1.0	NonTarget	1	380108
380.32	1.0	NonTarget	1	380320
380.535	1.0	NonTarget	1	380535
380.756	1.0	NonTarget	1	380756
380.998	1.0	Target	2	380998
381.189	1.0	NonTarget	1	381189
381.402	1.0	NonTarget	1	381402
381.619	1.0	NonTarget	1	381619
381.836	1.0	Target	2	381836
382.055	1.0	NonTarget	1	382055
382.272	1.0	NonTarget	1	382272
382.51	1.0	NonTarget	1	382510
382.719	1.0	NonTarget	1	382719
382.952	1.0	NonTarget	1	382952
383.169	1.0	NonTarget	1	383169
383.386	1.0	NonTarget	1	383386
383.602	1.0	NonTarget	1	383602
383.853	1.0	NonTarget	1	383853
384.071	1.0	NonTarget	1	384071
384.286	1.0	Target	2	384286
384.502	1.0	NonTarget	1	384502
384.721	1.0	NonTarget	1	384721
384.941	1.0	NonTarget	1	384941
385.174	1.0	NonTarget	1	385174
385.39	1.0	NonTarget	1	385390
385.603	1.0	Target	2	385603
393.585	1.0	NonTarget	1	393585
393.634	1.0	Target	2	393634
393.802	1.0	NonTarget	1	393802
394.021	1.0	NonTarget	1	394021
394.238	1.0	NonTarget	1	394238
394.478	1.0	NonTarget	1	394478
394.687	1.0	NonTarget	1	394687
394.902	1.0	NonTarget	1	394902
395.118	1.0	NonTarget	1	395118
395.338	1.0	NonTarget	1	395338
395.553	1.0	NonTarget	1	395553
395.77	1.0	Target	2	395770
395.985	1.0	NonTarget	1	395985
396.202	1.0	Target	2	396202
396.421	1.0	NonTarget	1	396421
396.635	1.0	NonTarget	1	396635
396.86	1.0	NonTarget	1	396860
397.073	1.0	NonTarget	1	397073
397.285	1.0	NonTarget	1	397285
397.527	1.0	NonTarget	1	397527
397.735	1.0	NonTarget	1	397735
397.955	1.0	NonTarget	1	397955
398.17	1.0	Target	2	398170
398.385	1.0	NonTarget	1	398385
398.605	1.0	NonTarget	1	398605
398.823	1.0	Target	2	398823
399.037	1.0	NonTarget	1	399037
399.257	1.0	NonTarget	1	399257
399.486	1.0	NonTarget	1	399486
399.702	1.0	NonTarget	1	399702
399.936	1.0	Target	2	399936
400.171	1.0	NonTarget	1	400171
400.392	1.0	NonTarget	1	400392
400.618	1.0	NonTarget	1	400618
400.837	1.0	NonTarget	1	400837
401.055	1.0	NonTarget	1	401055
401.274	1.0	NonTarget	1	401274
401.488	1.0	NonTarget	1	401488
401.702	1.0	Target	2	401702
401.935	1.0	NonTarget	1	401935
402.154	1.0	NonTarget	1	402154
402.372	1.0	NonTarget	1	402372
402.609	1.0	NonTarget	1	402609
402.818	1.0	Target	2	402818
403.036	1.0	NonTarget	1	403036
403.258	1.0	NonTarget	1	403258
403.485	1.0	NonTarget	1	403485
403.702	1.0	NonTarget	1	403702
403.918	1.0	NonTarget	1	403918
404.138	1.0	NonTarget	1	404138
404.371	1.0	NonTarget	1	404371
404.587	1.0	NonTarget	1	404587
404.803	1.0	Target	2	404803
405.018	1.0	NonTarget	1	405018
405.251	1.0	NonTarget	1	405251
405.469	1.0	Target	2	405469
405.685	1.0	NonTarget	1	405685
405.905	1.0	NonTarget	1	405905
406.153	1.0	NonTarget	1	406153
406.393	1.0	NonTarget	1	406393
414.402	1.0	NonTarget	1	414402
414.452	1.0	NonTarget	1	414452
414.65	1.0	NonTarget	1	414650
414.885	1.0	Target	2	414885
415.105	1.0	NonTarget	1	415105
415.318	1.0	NonTarget	1	415318
415.538	1.0	NonTarget	1	415538
415.754	1.0	NonTarget	1	415754
415.968	1.0	NonTarget	1	415968
416.205	1.0	Target	2	416205
416.419	1.0	NonTarget	1	416419
416.653	1.0	NonTarget	1	416653
416.897	1.0	NonTarget	1	416897
417.103	1.0	NonTarget	1	417103
417.323	1.0	NonTarget	1	417323
417.535	1.0	NonTarget	1	417535
417.754	1.0	NonTarget	1	417754
417.972	1.0	Target	2	417972
418.184	1.0	NonTarget	1	418184
418.421	1.0	NonTarget	1	418421
418.635	1.0	NonTarget	1	418635
418.853	1.0	NonTarget	1	418853
419.071	1.0	Target	2	419071
419.314	1.0	NonTarget	1	419314
419.564	1.0	NonTarget	1	419564
419.773	1.0	NonTarget	1	419773
420.001	1.0	Target	2	420001
420.22	1.0	NonTarget	1	420220
420.451	1.0	NonTarget	1	420451
420.672	1.0	NonTarget	1	420672
420.886	1.0	Target	2	420886
421.101	1.0	NonTarget	1	421101
421.335	1.0	NonTarget	1	421335
421.556	1.0	NonTarget	1	421556
421.801	1.0	NonTarget	1	421801
422.018	1.0	NonTarget	1	422018
422.251	1.0	NonTarget	1	422251
422.484	1.0	NonTarget	1	422484
422.701	1.0	Target	2	422701
422.918	1.0	NonTarget	1	422918
423.135	1.0	NonTarget	1	423135
423.369	1.0	NonTarget	1	423369
423.588	1.0	NonTarget	1	423588
423.804	1.0	NonTarget	1	423804
424.021	1.0	NonTarget	1	424021
424.234	1.0	Target	2	424234
424.454	1.0	NonTarget	1	424454
424.695	1.0	NonTarget	1	424695
424.918	1.0	NonTarget	1	424918
425.177	1.0	NonTarget	1	425177
425.384	1.0	NonTarget	1	425384
425.621	1.0	NonTarget	1	425621
425.834	1.0	Target	2	425834
426.051	1.0	NonTarget	1	426051
426.271	1.0	NonTarget	1	426271
426.52	1.0	Target	2	426520
426.736	1.0	NonTarget	1	426736
426.959	1.0	NonTarget	1	426959
427.171	1.0	NonTarget	1	427171
427.388	1.0	NonTarget	1	427388
435.401	1.0	NonTarget	1	435401
435.454	1.0	NonTarget	1	435454
435.618	1.0	NonTarget	1	435618
435.837	1.0	NonTarget	1	435837
436.053	1.0	NonTarget	1	436053
436.268	1.0	Target	2	436268
436.484	1.0	NonTarget	1	436484
436.701	1.0	NonTarget	1	436701
436.921	1.0	NonTarget	1	436921
437.134	1.0	NonTarget	1	437134
437.367	1.0	Target	2	437367
437.587	1.0	NonTarget	1	437587
437.802	1.0	Target	2	437802
438.018	1.0	NonTarget	1	438018
438.254	1.0	NonTarget	1	438254
438.469	1.0	NonTarget	1	438469
438.687	1.0	NonTarget	1	438687
438.918	1.0	NonTarget	1	438918
439.151	1.0	Target	2	439151
439.37	1.0	NonTarget	1	439370
439.596	1.0	NonTarget	1	439596
439.801	1.0	NonTarget	1	439801
440.019	1.0	NonTarget	1	440019
440.237	1.0	NonTarget	1	440237
440.451	1.0	NonTarget	1	440451
440.675	1.0	NonTarget	1	440675
440.884	1.0	NonTarget	1	440884
441.104	1.0	NonTarget	1	441104
441.334	1.0	Target	2	441334
441.551	1.0	NonTarget	1	441551
441.79	1.0	NonTarget	1	441790
442.003	1.0	Target	2	442003
442.218	1.0	NonTarget	1	442218
442.434	1.0	NonTarget	1	442434
442.654	1.0	NonTarget	1	442654
442.871	1.0	NonTarget	1	442871
443.084	1.0	NonTarget	1	443084
443.301	1.0	NonTarget	1	443301
443.521	1.0	NonTarget	1	443521
443.738	1.0	NonTarget	1	443738
443.953	1.0	Target	2	443953
444.181	1.0	NonTarget	1	444181
444.384	1.0	NonTarget	1	444384
444.601	1.0	Target	2	444601
444.818	1.0	NonTarget	1	444818
445.034	1.0	NonTarget	1	445034
445.267	1.0	NonTarget	1	445267
445.486	1.0	NonTarget	1	445486
445.701	1.0	NonTarget	1	445701
445.921	1.0	NonTarget	1	445921
446.134	1.0	NonTarget	1	446134
446.353	1.0	Target	2	446353
446.568	1.0	NonTarget	1	446568
446.787	1.0	NonTarget	1	446787
447.007	1.0	Target	2	447007
447.221	1.0	NonTarget	1	447221
447.451	1.0	NonTarget	1	447451
447.671	1.0	NonTarget	1	447671
447.884	1.0	NonTarget	1	447884
448.101	1.0	NonTarget	1	448101
456.087	1.0	NonTarget	1	456087
456.131	1.0	NonTarget	1	456131
456.304	1.0	NonTarget	1	456304
456.519	1.0	NonTarget	1	456519
456.738	1.0	NonTarget	1	456738
456.95	1.0	Target	2	456950
457.177	1.0	NonTarget	1	457177
457.387	1.0	NonTarget	1	457387
457.601	1.0	NonTarget	1	457601
457.821	1.0	NonTarget	1	457821
458.05	1.0	Target	2	458050
458.294	1.0	NonTarget	1	458294
458.526	1.0	NonTarget	1	458526
458.751	1.0	Target	2	458751
458.968	1.0	NonTarget	1	458968
459.184	1.0	NonTarget	1	459184
459.402	1.0	NonTarget	1	459402
459.618	1.0	NonTarget	1	459618
459.834	1.0	NonTarget	1	459834
460.05	1.0	NonTarget	1	460050
460.267	1.0	NonTarget	1	460267
460.484	1.0	NonTarget	1	460484
460.703	1.0	NonTarget	1	460703
460.917	1.0	Target	2	460917
461.134	1.0	NonTarget	1	461134
461.368	1.0	NonTarget	1	461368
461.59	1.0	NonTarget	1	461590
461.803	1.0	NonTarget	1	461803
462.017	1.0	NonTarget	1	462017
462.25	1.0	Target	2	462250
462.47	1.0	NonTarget	1	462470
462.687	1.0	NonTarget	1	462687
462.907	1.0	NonTarget	1	462907
463.12	1.0	NonTarget	1	463120
463.337	1.0	NonTarget	1	463337
463.551	1.0	Target	2	463551
463.802	1.0	NonTarget	1	463802
464.019	1.0	Target	2	464019
464.235	1.0	NonTarget	1	464235
464.454	1.0	NonTarget	1	464454
464.667	1.0	NonTarget	1	464667
464.884	1.0	NonTarget	1	464884
465.102	1.0	NonTarget	1	465102
465.317	1.0	NonTarget	1	465317
465.534	1.0	NonTarget	1	465534
465.754	1.0	Target	2	465754
465.98	1.0	NonTarget	1	465980
466.185	1.0	NonTarget	1	466185
466.401	1.0	NonTarget	1	466401
466.621	1.0	NonTarget	1	466621
466.855	1.0	Target	2	466855
467.073	1.0	NonTarget	1	467073
467.3	1.0	NonTarget	1	467300
467.52	1.0	NonTarget	1	467520
467.734	1.0	Target	2	467734
467.951	1.0	NonTarget	1	467951
468.184	1.0	NonTarget	1	468184
468.434	1.0	NonTarget	1	468434
468.651	1.0	NonTarget	1	468651
468.875	1.0	NonTarget	1	468875
476.901	1.0	NonTarget	1	476901
476.947	1.0	NonTarget	1	476947
477.122	1.0	NonTarget	1	477122
477.341	1.0	Target	2	477341
477.55	1.0	NonTarget	1	477550
477.768	1.0	NonTarget	1	477768
477.988	1.0	Target	2	477988
478.202	1.0	NonTarget	1	478202
478.45	1.0	NonTarget	1	478450
478.668	1.0	NonTarget	1	478668
478.884	1.0	NonTarget	1	478884
479.117	1.0	NonTarget	1	479117
479.333	1.0	NonTarget	1	479333
479.553	1.0	Target	2	479553
479.767	1.0	NonTarget	1	479767
480.008	1.0	NonTarget	1	480008
480.205	1.0	NonTarget	1	480205
480.42	1.0	NonTarget	1	480420
480.638	1.0	NonTarget	1	480638
480.85	1.0	NonTarget	1	480850
481.075	1.0	NonTarget	1	481075
481.3	1.0	Target	2	481300
481.517	1.0	NonTarget	1	481517
481.734	1.0	NonTarget	1	481734
481.95	1.0	NonTarget	1	481950
482.169	1.0	NonTarget	1	482169
482.384	1.0	NonTarget	1	482384
482.603	1.0	NonTarget	1	482603
482.82	1.0	Target	2	482820
483.037	1.0	NonTarget	1	483037
483.25	1.0	NonTarget	1	483250
483.482	1.0	NonTarget	1	483482
483.701	1.0	Target	2	483701
483.917	1.0	NonTarget	1	483917
484.136	1.0	NonTarget	1	484136
484.358	1.0	NonTarget	1	484358
484.568	1.0	NonTarget	1	484568
484.785	1.0	Target	2	484785
485.002	1.0	NonTarget	1	485002
485.217	1.0	NonTarget	1	485217
485.437	1.0	NonTarget	1	485437
485.667	1.0	NonTarget	1	485667
485.885	1.0	NonTarget	1	485885
486.101	1.0	NonTarget	1	486101
486.334	1.0	NonTarget	1	486334
486.553	1.0	NonTarget	1	486553
486.779	1.0	NonTarget	1	486779
486.988	1.0	Target	2	486988
487.204	1.0	NonTarget	1	487204
487.417	1.0	Target	2	487417
487.637	1.0	NonTarget	1	487637
487.868	1.0	NonTarget	1	487868
488.104	1.0	NonTarget	1	488104
488.322	1.0	NonTarget	1	488322
488.534	1.0	NonTarget	1	488534
488.75	1.0	NonTarget	1	488750
488.975	1.0	NonTarget	1	488975
489.187	1.0	Target	2	489187
489.437	1.0	NonTarget	1	489437
489.65	1.0	NonTarget	1	489650
497.62	1.0	NonTarget	1	497620
497.671	1.0	NonTarget	1	497671
497.833	1.0	Target	2	497833
498.05	1.0	NonTarget	1	498050
498.283	1.0	NonTarget	1	498283
498.5	1.0	NonTarget	1	498500
498.72	1.0	NonTarget	1	498720
498.933	1.0	Target	2	498933
499.157	1.0	NonTarget	1	499157
499.367	1.0	NonTarget	1	499367
499.587	1.0	NonTarget	1	499587
499.808	1.0	NonTarget	1	499808
500.022	1.0	NonTarget	1	500022
500.24	1.0	Target	2	500240
500.454	1.0	NonTarget	1	500454
500.674	1.0	NonTarget	1	500674
500.91	1.0	NonTarget	1	500910
501.12	1.0	NonTarget	1	501120
501.334	1.0	NonTarget	1	501334
501.567	1.0	NonTarget	1	501567
501.789	1.0	NonTarget	1	501789
502.003	1.0	NonTarget	1	502003
502.217	1.0	Target	2	502217
502.441	1.0	NonTarget	1	502441
502.65	1.0	NonTarget	1	502650
502.87	1.0	NonTarget	1	502870
503.086	1.0	NonTarget	1	503086
503.303	1.0	NonTarget	1	503303
503.517	1.0	Target	2	503517
503.736	1.0	NonTarget	1	503736
503.952	1.0	NonTarget	1	503952
504.167	1.0	Target	2	504167
504.383	1.0	NonTarget	1	504383
504.608	1.0	NonTarget	1	504608
504.818	1.0	NonTarget	1	504818
505.034	1.0	NonTarget	1	505034
505.25	1.0	NonTarget	1	505250
505.473	1.0	Target	2	505473
505.703	1.0	NonTarget	1	505703
505.919	1.0	NonTarget	1	505919
506.15	1.0	NonTarget	1	506150
506.366	1.0	NonTarget	1	506366
506.586	1.0	NonTarget	1	506586
506.8	1.0	Target	2	506800
507.017	1.0	NonTarget	1	507017
507.234	1.0	NonTarget	1	507234
507.45	1.0	NonTarget	1	507450
507.668	1.0	NonTarget	1	507668
507.893	1.0	NonTarget	1	507893
508.122	1.0	NonTarget	1	508122
508.334	1.0	Target	2	508334
508.552	1.0	NonTarget	1	508552
508.766	1.0	NonTarget	1	508766
508.993	1.0	NonTarget	1	508993
509.221	1.0	Target	2	509221
509.436	1.0	NonTarget	1	509436
509.654	1.0	NonTarget	1	509654
509.866	1.0	NonTarget	1	509866
510.089	1.0	NonTarget	1	510089
510.3	1.0	NonTarget	1	510300
518.329	1.0	NonTarget	1	518329
518.369	1.0	NonTarget	1	518369
518.533	1.0	NonTarget	1	518533
518.75	1.0	NonTarget	1	518750
518.985	1.0	Target	2	518985
519.201	1.0	NonTarget	1	519201
519.418	1.0	NonTarget	1	519418
519.634	1.0	NonTarget	1	519634
519.866	1.0	Target	2	519866
520.1	1.0	NonTarget	1	520100
520.319	1.0	NonTarget	1	520319
520.57	1.0	NonTarget	1	520570
520.783	1.0	Target	2	520783
521.016	1.0	NonTarget	1	521016
521.233	1.0	NonTarget	1	521233
521.45	1.0	NonTarget	1	521450
521.673	1.0	NonTarget	1	521673
521.883	1.0	NonTarget	1	521883
522.102	1.0	NonTarget	1	522102
522.316	1.0	NonTarget	1	522316
522.533	1.0	NonTarget	1	522533
522.766	1.0	NonTarget	1	522766
522.989	1.0	Target	2	522989
523.205	1.0	NonTarget	1	523205
523.417	1.0	NonTarget	1	523417
523.666	1.0	NonTarget	1	523666
523.886	1.0	NonTarget	1	523886
524.107	1.0	Target	2	524107
524.321	1.0	NonTarget	1	524321
524.533	1.0	NonTarget	1	524533
524.749	1.0	NonTarget	1	524749
524.973	1.0	Target	2	524973
525.188	1.0	NonTarget	1	525188
525.416	1.0	NonTarget	1	525416
525.633	1.0	NonTarget	1	525633
525.852	1.0	NonTarget	1	525852
526.072	1.0	NonTarget	1	526072
526.287	1.0	NonTarget	1	526287
526.499	1.0	NonTarget	1	526499
526.718	1.0	NonTarget	1	526718
526.933	1.0	NonTarget	1	526933
527.149	1.0	Target	2	527149
527.373	1.0	NonTarget	1	527373
527.602	1.0	NonTarget	1	527602
527.801	1.0	Target	2	527801
528.016	1.0	NonTarget	1	528016
528.233	1.0	NonTarget	1	528233
528.467	1.0	NonTarget	1	528467
528.694	1.0	Target	2	528694
528.899	1.0	NonTarget	1	528899
529.12	1.0	NonTarget	1	529120
529.35	1.0	NonTarget	1	529350
529.569	1.0	NonTarget	1	529569
529.783	1.0	NonTarget	1	529783
530.0	1.0	NonTarget	1	530000
530.216	1.0	NonTarget	1	530216
530.433	1.0	NonTarget	1	530433
530.654	1.0	NonTarget	1	530654
530.867	1.0	NonTarget	1	530867
531.089	1.0	Target	2	531089
539.116	1.0	NonTarget	1	539116
539.163	1.0	NonTarget	1	539163
539.333	1.0	Target	2	539333
539.552	1.0	NonTarget	1	539552
539.766	1.0	NonTarget	1	539766
539.999	1.0	NonTarget	1	539999
540.216	1.0	Target	2	540216
540.433	1.0	NonTarget	1	540433
540.666	1.0	NonTarget	1	540666
540.883	1.0	NonTarget	1	540883
541.104	1.0	NonTarget	1	541104
541.318	1.0	NonTarget	1	541318
541.536	1.0	NonTarget	1	541536
541.749	1.0	NonTarget	1	541749
541.967	1.0	NonTarget	1	541967
542.182	1.0	NonTarget	1	542182
542.404	1.0	NonTarget	1	542404
542.616	1.0	Target	2	542616
542.852	1.0	NonTarget	1	542852
543.067	1.0	NonTarget	1	543067
543.299	1.0	NonTarget	1	543299
543.533	1.0	NonTarget	1	543533
543.749	1.0	Target	2	543749
543.974	1.0	NonTarget	1	543974
544.184	1.0	NonTarget	1	544184
544.437	1.0	Target	2	544437
544.652	1.0	NonTarget	1	544652
544.868	1.0	NonTarget	1	544868
545.099	1.0	NonTarget	1	545099
545.352	1.0	NonTarget	1	545352
545.587	1.0	NonTarget	1	545587
545.782	1.0	Target	2	545782
546.002	1.0	NonTarget	1	546002
546.216	1.0	NonTarget	1	546216
546.435	1.0	NonTarget	1	546435
546.649	1.0	NonTarget	1	546649
546.882	1.0	NonTarget	1	546882
547.102	1.0	NonTarget	1	547102
547.318	1.0	Target	2	547318
547.533	1.0	NonTarget	1	547533
547.749	1.0	NonTarget	1	547749
547.988	1.0	NonTarget	1	547988
548.201	1.0	NonTarget	1	548201
548.416	1.0	NonTarget	1	548416
548.636	1.0	NonTarget	1	548636
548.849	1.0	NonTarget	1	548849
549.068	1.0	Target	2	549068
549.282	1.0	NonTarget	1	549282
549.518	1.0	NonTarget	1	549518
549.733	1.0	NonTarget	1	549733
549.952	1.0	NonTarget	1	549952
550.169	1.0	NonTarget	1	550169
550.399	1.0	Target	2	550399
550.619	1.0	NonTarget	1	550619
550.835	1.0	NonTarget	1	550835
551.051	1.0	NonTarget	1	551051
551.289	1.0	NonTarget	1	551289
551.507	1.0	Target	2	551507
551.716	1.0	NonTarget	1	551716
551.933	1.0	NonTarget	1	551933
559.933	1.0	NonTarget	1	559933
559.983	1.0	NonTarget	1	559983
560.152	1.0	NonTarget	1	560152
560.371	1.0	Target	2	560371
560.618	1.0	NonTarget	1	560618
560.832	1.0	NonTarget	1	560832
561.049	1.0	Target	2	561049
561.271	1.0	NonTarget	1	561271
561.485	1.0	NonTarget	1	561485
561.7	1.0	NonTarget	1	561700
561.916	1.0	NonTarget	1	561916
562.132	1.0	NonTarget	1	562132
562.352	1.0	NonTarget	1	562352
562.57	1.0	Target	2	562570
562.783	1.0	NonTarget	1	562783
563.002	1.0	NonTarget	1	563002
563.216	1.0	NonTarget	1	563216
563.44	1.0	NonTarget	1	563440
563.65	1.0	NonTarget	1	563650
563.868	1.0	NonTarget	1	563868
564.082	1.0	NonTarget	1	564082
564.305	1.0	Target	2	564305
564.516	1.0	NonTarget	1	564516
564.749	1.0	NonTarget	1	564749
564.965	1.0	NonTarget	1	564965
565.182	1.0	NonTarget	1	565182
565.405	1.0	NonTarget	1	565405
565.615	1.0	NonTarget	1	565615
565.833	1.0	Target	2	565833
566.051	1.0	NonTarget	1	566051
566.266	1.0	NonTarget	1	566266
566.484	1.0	NonTarget	1	566484
566.702	1.0	Target	2	566702
566.915	1.0	NonTarget	1	566915
567.132	1.0	NonTarget	1	567132
567.349	1.0	NonTarget	1	567349
567.57	1.0	NonTarget	1	567570
567.787	1.0	Target	2	567787
568.0	1.0	NonTarget	1	568000
568.216	1.0	NonTarget	1	568216
568.434	1.0	NonTarget	1	568434
568.649	1.0	NonTarget	1	568649
568.87	1.0	NonTarget	1	568870
569.1	1.0	NonTarget	1	569100
569.317	1.0	NonTarget	1	569317
569.532	1.0	NonTarget	1	569532
569.749	1.0	NonTarget	1	569749
569.971	1.0	Target	2	569971
570.182	1.0	NonTarget	1	570182
570.419	1.0	Target	2	570419
570.632	1.0	NonTarget	1	570632
570.85	1.0	NonTarget	1	570850
571.066	1.0	NonTarget	1	571066
571.286	1.0	NonTarget	1	571286
571.501	1.0	NonTarget	1	571501
571.732	1.0	NonTarget	1	571732
571.966	1.0	NonTarget	1	571966
572.191	1.0	Target	2	572191
572.399	1.0	NonTarget	1	572399
572.635	1.0	NonTarget	1	572635
580.649	1.0	NonTarget	1	580649
580.706	1.0	NonTarget	1	580706
580.87	1.0	Target	2	580870
581.086	1.0	NonTarget	1	581086
581.302	1.0	NonTarget	1	581302
581.518	1.0	NonTarget	1	581518
581.733	1.0	Target	2	581733
581.965	1.0	NonTarget	1	581965
582.202	1.0	NonTarget	1	582202
582.401	1.0	NonTarget	1	582401
582.615	1.0	NonTarget	1	582615
582.832	1.0	NonTarget	1	582832
583.067	1.0	NonTarget	1	583067
583.282	1.0	NonTarget	1	583282
583.505	1.0	NonTarget	1	583505
583.732	1.0	NonTarget	1	583732
583.959	1.0	NonTarget	1	583959
584.167	1.0	Target	2	584167
584.382	1.0	NonTarget	1	584382
584.599	1.0	NonTarget	1	584599
584.832	1.0	NonTarget	1	584832
585.048	1.0	NonTarget	1	585048
585.265	1.0	Target	2	585265
585.498	1.0	NonTarget	1	585498
585.717	1.0	NonTarget	1	585717
585.948	1.0	Target	2	585948
586.182	1.0	NonTarget	1	586182
586.399	1.0	NonTarget	1	586399
586.618	1.0	NonTarget	1	586618
586.832	1.0	NonTarget	1	586832
587.048	1.0	NonTarget	1	587048
587.266	1.0	Target	2	587266
587.492	1.0	NonTarget	1	587492
587.698	1.0	NonTarget	1	587698
587.931	1.0	NonTarget	1	587931
588.148	1.0	NonTarget	1	588148
588.366	1.0	NonTarget	1	588366
588.583	1.0	NonTarget	1	588583
588.802	1.0	Target	2	588802
589.018	1.0	NonTarget	1	589018
589.232	1.0	NonTarget	1	589232
589.465	1.0	NonTarget	1	589465
589.698	1.0	NonTarget	1	589698
589.915	1.0	NonTarget	1	589915
590.138	1.0	NonTarget	1	590138
590.348	1.0	NonTarget	1	590348
590.598	1.0	Target	2	590598
590.818	1.0	NonTarget	1	590818
591.048	1.0	NonTarget	1	591048
591.269	1.0	NonTarget	1	591269
591.487	1.0	NonTarget	1	591487
591.7	1.0	NonTarget	1	591700
591.915	1.0	Target	2	591915
592.132	1.0	NonTarget	1	592132
592.348	1.0	NonTarget	1	592348
592.568	1.0	NonTarget	1	592568
592.782	1.0	NonTarget	1	592782
593.001	1.0	Target	2	593001
593.215	1.0	NonTarget	1	593215
593.44	1.0	NonTarget	1	593440
601.45	1.0	NonTarget	1	601450
601.493	1.0	NonTarget	1	601493
601.68	1.0	NonTarget	1	601680
601.881	1.0	NonTarget	1	601881
602.101	1.0	Target	2	602101
602.321	1.0	NonTarget	1	602321
602.533	1.0	Target	2	602533
602.748	1.0	NonTarget	1	602748
602.969	1.0	NonTarget	1	602969
603.186	1.0	NonTarget	1	603186
603.415	1.0	NonTarget	1	603415
603.648	1.0	NonTarget	1	603648
603.851	1.0	NonTarget	1	603851
604.065	1.0	NonTarget	1	604065
604.298	1.0	NonTarget	1	604298
604.535	1.0	NonTarget	1	604535
604.749	1.0	NonTarget	1	604749
604.965	1.0	Target	2	604965
605.181	1.0	NonTarget	1	605181
605.401	1.0	NonTarget	1	605401
605.615	1.0	Target	2	605615
605.832	1.0	NonTarget	1	605832
606.048	1.0	NonTarget	1	606048
606.269	1.0	NonTarget	1	606269
606.485	1.0	Target	2	606485
606.718	1.0	NonTarget	1	606718
606.936	1.0	NonTarget	1	606936
607.148	1.0	NonTarget	1	607148
607.377	1.0	NonTarget	1	607377
607.584	1.0	NonTarget	1	607584
607.798	1.0	NonTarget	1	607798
608.015	1.0	NonTarget	1	608015
608.251	1.0	NonTarget	1	608251
608.469	1.0	NonTarget	1	608469
608.683	1.0	Target	2	608683
608.901	1.0	NonTarget	1	608901
609.118	1.0	NonTarget	1	609118
609.341	1.0	NonTarget	1	609341
609.55	1.0	NonTarget	1	609550
609.765	1.0	NonTarget	1	609765
609.992	1.0	NonTarget	1	609992
610.203	1.0	Target	2	610203
610.414	1.0	NonTarget	1	610414
610.632	1.0	Target	2	610632
610.848	1.0	NonTarget	1	610848
611.069	1.0	NonTarget	1	611069
611.285	1.0	NonTarget	1	611285
611.499	1.0	NonTarget	1	611499
611.715	1.0	NonTarget	1	611715
611.935	1.0	NonTarget	1	611935
612.15	1.0	NonTarget	1	612150
612.368	1.0	NonTarget	1	612368
612.594	1.0	Target	2	612594
612.798	1.0	NonTarget	1	612798
613.017	1.0	NonTarget	1	613017
613.237	1.0	NonTarget	1	613237
613.451	1.0	NonTarget	1	613451
613.664	1.0	NonTarget	1	613664
613.885	1.0	NonTarget	1	613885
614.107	1.0	Target	2	614107
622.181	1.0	NonTarget	1	622181
622.223	1.0	NonTarget	1	622223
622.401	1.0	NonTarget	1	622401
622.632	1.0	NonTarget	1	622632
622.848	1.0	Target	2	622848
623.071	1.0	NonTarget	1	623071
623.297	1.0	Target	2	623297
623.499	1.0	NonTarget	1	623499
623.714	1.0	NonTarget	1	623714
623.95	1.0	NonTarget	1	623950
624.165	1.0	NonTarget	1	624165
624.398	1.0	NonTarget	1	624398
624.615	1.0	NonTarget	1	624615
624.831	1.0	NonTarget	1	624831
625.048	1.0	NonTarget	1	625048
625.268	1.0	NonTarget	1	625268
625.482	1.0	NonTarget	1	625482
625.714	1.0	Target	2	625714
625.931	1.0	NonTarget	1	625931
626.148	1.0	NonTarget	1	626148
626.369	1.0	Target	2	626369
626.581	1.0	NonTarget	1	626581
626.797	1.0	NonTarget	1	626797
627.015	1.0	NonTarget	1	627015
627.234	1.0	Target	2	627234
627.451	1.0	NonTarget	1	627451
627.664	1.0	NonTarget	1	627664
627.882	1.0	NonTarget	1	627882
628.098	1.0	NonTarget	1	628098
628.319	1.0	NonTarget	1	628319
628.548	1.0	NonTarget	1	628548
628.781	1.0	NonTarget	1	628781
628.998	1.0	NonTarget	1	628998
629.218	1.0	NonTarget	1	629218
629.448	1.0	Target	2	629448
629.682	1.0	NonTarget	1	629682
629.917	1.0	NonTarget	1	629917
630.148	1.0	NonTarget	1	630148
630.366	1.0	NonTarget	1	630366
630.581	1.0	NonTarget	1	630581
630.801	1.0	NonTarget	1	630801
631.018	1.0	Target	2	631018
631.247	1.0	NonTarget	1	631247
631.467	1.0	Target	2	631467
631.691	1.0	NonTarget	1	631691
631.898	1.0	NonTarget	1	631898
632.131	1.0	NonTarget	1	632131
632.349	1.0	NonTarget	1	632349
632.566	1.0	NonTarget	1	632566
632.801	1.0	NonTarget	1	632801
633.014	1.0	NonTarget	1	633014
633.231	1.0	NonTarget	1	633231
633.45	1.0	Target	2	633450
633.666	1.0	NonTarget	1	633666
633.881	1.0	NonTarget	1	633881
634.098	1.0	NonTarget	1	634098
634.314	1.0	NonTarget	1	634314
634.538	1.0	NonTarget	1	634538
634.749	1.0	NonTarget	1	634749
634.964	1.0	Target	2	634964
642.965	1.0	Target	2	642965
643.019	1.0	NonTarget	1	643019
643.182	1.0	NonTarget	1	643182
643.398	1.0	NonTarget	1	643398
643.633	1.0	NonTarget	1	643633
643.847	1.0	NonTarget	1	643847
644.081	1.0	NonTarget	1	644081
644.297	1.0	NonTarget	1	644297
644.517	1.0	NonTarget	1	644517
644.731	1.0	Target	2	644731
644.949	1.0	NonTarget	1	644949
645.164	1.0	NonTarget	1	645164
645.381	1.0	Target	2	645381
645.603	1.0	NonTarget	1	645603
645.831	1.0	NonTarget	1	645831
646.064	1.0	NonTarget	1	646064
646.282	1.0	NonTarget	1	646282
646.502	1.0	NonTarget	1	646502
646.715	1.0	NonTarget	1	646715
646.931	1.0	NonTarget	1	646931
647.147	1.0	NonTarget	1	647147
647.364	1.0	NonTarget	1	647364
647.581	1.0	NonTarget	1	647581
647.797	1.0	Target	2	647797
648.014	1.0	NonTarget	1	648014
648.234	1.0	NonTarget	1	648234
648.449	1.0	NonTarget	1	648449
648.667	1.0	NonTarget	1	648667
648.882	1.0	NonTarget	1	648882
649.097	1.0	Target	2	649097
649.317	1.0	NonTarget	1	649317
649.533	1.0	NonTarget	1	649533
649.75	1.0	NonTarget	1	649750
649.964	1.0	NonTarget	1	649964
650.18	1.0	Target	2	650180
650.4	1.0	NonTarget	1	650400
650.614	1.0	NonTarget	1	650614
650.831	1.0	NonTarget	1	650831
651.064	1.0	NonTarget	1	651064
651.286	1.0	NonTarget	1	651286
651.497	1.0	NonTarget	1	651497
651.714	1.0	Target	2	651714
651.938	1.0	NonTarget	1	651938
652.147	1.0	NonTarget	1	652147
652.367	1.0	Target	2	652367
652.581	1.0	NonTarget	1	652581
652.797	1.0	NonTarget	1	652797
653.014	1.0	NonTarget	1	653014
653.232	1.0	NonTarget	1	653232
653.447	1.0	NonTarget	1	653447
653.668	1.0	NonTarget	1	653668
653.888	1.0	NonTarget	1	653888
654.097	1.0	NonTarget	1	654097
654.314	1.0	Target	2	654314
654.531	1.0	NonTarget	1	654531
654.75	1.0	NonTarget	1	654750
654.964	1.0	NonTarget	1	654964
655.18	1.0	NonTarget	1	655180
655.397	1.0	Target	2	655397
655.631	1.0	NonTarget	1	655631
663.683	1.0	NonTarget	1	663683
663.716	1.0	NonTarget	1	663716
663.897	1.0	NonTarget	1	663897
664.114	1.0	Target	2	664114
664.331	1.0	NonTarget	1	664331
664.551	1.0	NonTarget	1	664551
664.763	1.0	Target	2	664763
664.98	1.0	NonTarget	1	664980
665.197	1.0	NonTarget	1	665197
665.414	1.0	NonTarget	1	665414
665.63	1.0	NonTarget	1	665630
665.85	1.0	NonTarget	1	665850
666.064	1.0	NonTarget	1	666064
666.3	1.0	Target	2	666300
666.531	1.0	NonTarget	1	666531
666.75	1.0	NonTarget	1	666750
666.966	1.0	NonTarget	1	666966
667.197	1.0	NonTarget	1	667197
667.414	1.0	NonTarget	1	667414
667.631	1.0	NonTarget	1	667631
667.849	1.0	NonTarget	1	667849
668.081	1.0	Target	2	668081
668.297	1.0	NonTarget	1	668297
668.547	1.0	NonTarget	1	668547
668.779	1.0	NonTarget	1	668779
668.982	1.0	NonTarget	1	668982
669.205	1.0	NonTarget	1	669205
669.414	1.0	NonTarget	1	669414
669.63	1.0	Target	2	669630
669.867	1.0	NonTarget	1	669867
670.08	1.0	NonTarget	1	670080
670.297	1.0	NonTarget	1	670297
670.514	1.0	Target	2	670514
670.73	1.0	NonTarget	1	670730
670.952	1.0	NonTarget	1	670952
671.2	1.0	NonTarget	1	671200
671.408	1.0	NonTarget	1	671408
671.616	1.0	Target	2	671616
671.832	1.0	NonTarget	1	671832
672.067	1.0	NonTarget	1	672067
672.286	1.0	NonTarget	1	672286
672.507	1.0	NonTarget	1	672507
672.716	1.0	NonTarget	1	672716
672.934	1.0	NonTarget	1	672934
673.148	1.0	NonTarget	1	673148
673.365	1.0	NonTarget	1	673365
673.596	1.0	NonTarget	1	673596
673.798	1.0	Target	2	673798
674.014	1.0	NonTarget	1	674014
674.231	1.0	Target	2	674231
674.447	1.0	NonTarget	1	674447
674.668	1.0	NonTarget	1	674668
674.88	1.0	NonTarget	1	674880
675.116	1.0	NonTarget	1	675116
675.315	1.0	NonTarget	1	675315
675.53	1.0	NonTarget	1	675530
675.748	1.0	NonTarget	1	675748
675.965	1.0	Target	2	675965
676.18	1.0	NonTarget	1	676180
676.43	1.0	NonTarget	1	676430
684.489	1.0	NonTarget	1	684489
684.534	1.0	NonTarget	1	684534
684.7	1.0	Target	2	684700
684.93	1.0	NonTarget	1	684930
685.148	1.0	NonTarget	1	685148
685.364	1.0	NonTarget	1	685364
685.596	1.0	NonTarget	1	685596
685.817	1.0	NonTarget	1	685817
686.03	1.0	NonTarget	1	686030
686.263	1.0	NonTarget	1	686263
686.49	1.0	NonTarget	1	686490
686.703	1.0	Target	2	686703
686.92	1.0	NonTarget	1	686920
687.132	1.0	NonTarget	1	687132
687.347	1.0	Target	2	687347
687.581	1.0	NonTarget	1	687581
687.804	1.0	NonTarget	1	687804
688.014	1.0	NonTarget	1	688014
688.23	1.0	NonTarget	1	688230
688.463	1.0	Target	2	688463
688.68	1.0	NonTarget	1	688680
688.898	1.0	NonTarget	1	688898
689.114	1.0	NonTarget	1	689114
689.33	1.0	NonTarget	1	689330
689.563	1.0	NonTarget	1	689563
689.791	1.0	NonTarget	1	689791
690.031	1.0	NonTarget	1	690031
690.23	1.0	NonTarget	1	690230
690.463	1.0	NonTarget	1	690463
690.694	1.0	Target	2	690694
690.896	1.0	NonTarget	1	690896
691.116	1.0	NonTarget	1	691116
691.346	1.0	Target	2	691346
691.573	1.0	NonTarget	1	691573
691.78	1.0	NonTarget	1	691780
691.997	1.0	NonTarget	1	691997
692.23	1.0	NonTarget	1	692230
692.45	1.0	NonTarget	1	692450
692.668	1.0	Target	2	692668
692.883	1.0	NonTarget	1	692883
693.096	1.0	NonTarget	1	693096
693.313	1.0	NonTarget	1	693313
693.533	1.0	NonTarget	1	693533
693.749	1.0	NonTarget	1	693749
693.969	1.0	NonTarget	1	693969
694.181	1.0	NonTarget	1	694181
694.413	1.0	Target	2	694413
694.659	1.0	NonTarget	1	694659
694.875	1.0	Target	2	694875
695.081	1.0	NonTarget	1	695081
695.296	1.0	NonTarget	1	695296
695.53	1.0	NonTarget	1	695530
695.746	1.0	NonTarget	1	695746
695.963	1.0	NonTarget	1	695963
696.185	1.0	NonTarget	1	696185
696.396	1.0	NonTarget	1	696396
696.614	1.0	Target	2	696614
696.833	1.0	NonTarget	1	696833
697.063	1.0	NonTarget	1	697063
697.292	1.0	NonTarget	1	697292
705.28	1.0	NonTarget	1	705280
705.328	1.0	NonTarget	1	705328
705.499	1.0	NonTarget	1	705499
705.718	1.0	NonTarget	1	705718
705.934	1.0	Target	2	705934
706.148	1.0	NonTarget	1	706148
706.363	1.0	Target	2	706363
706.579	1.0	NonTarget	1	706579
706.804	1.0	NonTarget	1	706804
707.013	1.0	NonTarget	1	707013
707.23	1.0	NonTarget	1	707230
707.45	1.0	NonTarget	1	707450
707.665	1.0	NonTarget	1	707665
707.908	1.0	NonTarget	1	707908
708.122	1.0	NonTarget	1	708122
708.333	1.0	NonTarget	1	708333
708.566	1.0	NonTarget	1	708566
708.779	1.0	Target	2	708779
709.022	1.0	NonTarget	1	709022
709.213	1.0	NonTarget	1	709213
709.463	1.0	Target	2	709463
709.683	1.0	NonTarget	1	709683
709.896	1.0	NonTarget	1	709896
710.113	1.0	NonTarget	1	710113
710.33	1.0	Target	2	710330
710.563	1.0	NonTarget	1	710563
710.796	1.0	NonTarget	1	710796
711.013	1.0	NonTarget	1	711013
711.23	1.0	NonTarget	1	711230
711.451	1.0	NonTarget	1	711451
711.663	1.0	NonTarget	1	711663
711.879	1.0	NonTarget	1	711879
712.096	1.0	NonTarget	1	712096
712.316	1.0	NonTarget	1	712316
712.529	1.0	Target	2	712529
712.747	1.0	NonTarget	1	712747
712.963	1.0	NonTarget	1	712963
713.196	1.0	NonTarget	1	713196
713.396	1.0	NonTarget	1	713396
713.615	1.0	NonTarget	1	713615
713.831	1.0	NonTarget	1	713831
714.048	1.0	Target	2	714048
714.265	1.0	NonTarget	1	714265
714.481	1.0	Target	2	714481
714.716	1.0	NonTarget	1	714716
714.974	1.0	NonTarget	1	714974
715.183	1.0	NonTarget	1	715183
715.396	1.0	NonTarget	1	715396
715.616	1.0	NonTarget	1	715616
715.829	1.0	NonTarget	1	715829
716.048	1.0	NonTarget	1	716048
716.263	1.0	NonTarget	1	716263
716.49	1.0	Target	2	716490
716.699	1.0	NonTarget	1	716699
716.913	1.0	NonTarget	1	716913
717.131	1.0	NonTarget	1	717131
717.346	1.0	NonTarget	1	717346
717.563	1.0	NonTarget	1	717563
717.796	1.0	NonTarget	1	717796
717.999	1.0	Target	2	717999
726.008	1.0	NonTarget	1	726008
726.052	1.0	NonTarget	1	726052
726.229	1.0	Target	2	726229
726.463	1.0	NonTarget	1	726463
726.68	1.0	NonTarget	1	726680
726.896	1.0	NonTarget	1	726896
727.113	1.0	NonTarget	1	727113
727.33	1.0	Target	2	727330
727.546	1.0	NonTarget	1	727546
727.766	1.0	NonTarget	1	727766
727.999	1.0	NonTarget	1	727999
728.229	1.0	NonTarget	1	728229
728.446	1.0	NonTarget	1	728446
728.666	1.0	Target	2	728666
728.891	1.0	NonTarget	1	728891
729.116	1.0	NonTarget	1	729116
729.33	1.0	NonTarget	1	729330
729.549	1.0	NonTarget	1	729549
729.779	1.0	NonTarget	1	729779
729.999	1.0	NonTarget	1	729999
730.213	1.0	NonTarget	1	730213
730.429	1.0	NonTarget	1	730429
730.649	1.0	Target	2	730649
730.862	1.0	NonTarget	1	730862
731.081	1.0	NonTarget	1	731081
731.312	1.0	NonTarget	1	731312
731.529	1.0	NonTarget	1	731529
731.746	1.0	NonTarget	1	731746
731.967	1.0	Target	2	731967
732.181	1.0	NonTarget	1	732181
732.397	1.0	NonTarget	1	732397
732.613	1.0	Target	2	732613
732.829	1.0	NonTarget	1	732829
733.051	1.0	NonTarget	1	733051
733.268	1.0	NonTarget	1	733268
733.481	1.0	NonTarget	1	733481
733.708	1.0	NonTarget	1	733708
733.916	1.0	Target	2	733916
734.132	1.0	NonTarget	1	734132
734.349	1.0	NonTarget	1	734349
734.562	1.0	NonTarget	1	734562
734.782	1.0	NonTarget	1	734782
734.999	1.0	NonTarget	1	734999
735.212	1.0	Target	2	735212
735.43	1.0	NonTarget	1	735430
735.646	1.0	NonTarget	1	735646
735.865	1.0	NonTarget	1	735865
736.079	1.0	NonTarget	1	736079
736.33	1.0	NonTarget	1	736330
736.546	1.0	NonTarget	1	736546
736.78	1.0	Target	2	736780
736.999	1.0	NonTarget	1	736999
737.229	1.0	NonTarget	1	737229
737.446	1.0	NonTarget	1	737446
737.681	1.0	Target	2	737681
737.928	1.0	NonTarget	1	737928
738.13	1.0	NonTarget	1	738130
738.346	1.0	NonTarget	1	738346
738.563	1.0	NonTarget	1	738563
738.779	1.0	NonTarget	1	738779
746.829	1.0	NonTarget	1	746829
746.879	1.0	NonTarget	1	746879
747.062	1.0	NonTarget	1	747062
747.28	1.0	Target	2	747280
747.497	1.0	NonTarget	1	747497
747.747	1.0	NonTarget	1	747747
747.966	1.0	NonTarget	1	747966
748.181	1.0	NonTarget	1	748181
748.396	1.0	NonTarget	1	748396
748.63	1.0	Target	2	748630
748.853	1.0	NonTarget	1	748853
749.079	1.0	NonTarget	1	749079
749.296	1.0	NonTarget	1	749296
749.515	1.0	NonTarget	1	749515
749.732	1.0	NonTarget	1	749732
749.945	1.0	NonTarget	1	749945
750.162	1.0	NonTarget	1	750162
750.397	1.0	Target	2	750397
750.615	1.0	NonTarget	1	750615
750.829	1.0	NonTarget	1	750829
751.045	1.0	NonTarget	1	751045
751.265	1.0	NonTarget	1	751265
751.48	1.0	Target	2	751480
751.695	1.0	NonTarget	1	751695
751.915	1.0	NonTarget	1	751915
752.131	1.0	NonTarget	1	752131
752.346	1.0	Target	2	752346
752.562	1.0	NonTarget	1	752562
752.789	1.0	NonTarget	1	752789
753.008	1.0	NonTarget	1	753008
753.214	1.0	Target	2	753214
753.43	1.0	NonTarget	1	753430
753.645	1.0	NonTarget	1	753645
753.879	1.0	NonTarget	1	753879
754.107	1.0	NonTarget	1	754107
754.314	1.0	NonTarget	1	754314
754.531	1.0	NonTarget	1	754531
754.748	1.0	NonTarget	1	754748
754.962	1.0	Target	2	754962
755.191	1.0	NonTarget	1	755191
755.4	1.0	NonTarget	1	755400
755.612	1.0	NonTarget	1	755612
755.83	1.0	NonTarget	1	755830
756.049	1.0	NonTarget	1	756049
756.28	1.0	NonTarget	1	756280
756.496	1.0	Target	2	756496
756.712	1.0	NonTarget	1	756712
756.931	1.0	NonTarget	1	756931
757.147	1.0	NonTarget	1	757147
757.378	1.0	NonTarget	1	757378
757.597	1.0	NonTarget	1	757597
757.813	1.0	NonTarget	1	757813
758.029	1.0	Target	2	758029
758.246	1.0	NonTarget	1	758246
758.465	1.0	NonTarget	1	758465
758.696	1.0	Target	2	758696
758.916	1.0	NonTarget	1	758916
759.13	1.0	NonTarget	1	759130
759.345	1.0	NonTarget	1	759345
759.562	1.0	NonTarget	1	759562
767.595	1.0	NonTarget	1	767595
767.642	1.0	NonTarget	1	767642
767.846	1.0	NonTarget	1	767846
768.064	1.0	NonTarget	1	768064
768.285	1.0	Target	2	768285
768.498	1.0	NonTarget	1	768498
768.739	1.0	NonTarget	1	768739
768.946	1.0	NonTarget	1	768946
769.162	1.0	Target	2	769162
769.382	1.0	NonTarget	1	769382
769.601	1.0	NonTarget	1	769601
769.812	1.0	NonTarget	1	769812
770.045	1.0	Target	2	770045
770.262	1.0	NonTarget	1	770262
770.491	1.0	NonTarget	1	770491
770.701	1.0	NonTarget	1	770701
770.914	1.0	NonTarget	1	770914
771.129	1.0	NonTarget	1	771129
771.348	1.0	NonTarget	1	771348
771.562	1.0	NonTarget	1	771562
771.781	1.0	NonTarget	1	771781
771.996	1.0	NonTarget	1	771996
772.212	1.0	Target	2	772212
772.432	1.0	NonTarget	1	772432
772.65	1.0	NonTarget	1	772650
772.863	1.0	NonTarget	1	772863
773.095	1.0	NonTarget	1	773095
773.313	1.0	Target	2	773313
773.529	1.0	NonTarget	1	773529
773.745	1.0	NonTarget	1	773745
773.961	1.0	NonTarget	1	773961
774.205	1.0	Target	2	774205
774.415	1.0	NonTarget	1	774415
774.628	1.0	NonTarget	1	774628
774.848	1.0	NonTarget	1	774848
775.062	1.0	NonTarget	1	775062
775.283	1.0	NonTarget	1	775283
775.499	1.0	NonTarget	1	775499
775.712	1.0	NonTarget	1	775712
775.929	1.0	NonTarget	1	775929
776.145	1.0	NonTarget	1	776145
776.365	1.0	Target	2	776365
776.583	1.0	NonTarget	1	776583
776.822	1.0	NonTarget	1	776822
777.015	1.0	Target	2	777015
777.248	1.0	NonTarget	1	777248
777.462	1.0	NonTarget	1	777462
777.685	1.0	NonTarget	1	777685
777.912	1.0	Target	2	777912
778.131	1.0	NonTarget	1	778131
778.348	1.0	NonTarget	1	778348
778.564	1.0	NonTarget	1	778564
778.78	1.0	NonTarget	1	778780
778.995	1.0	NonTarget	1	778995
779.212	1.0	NonTarget	1	779212
779.433	1.0	NonTarget	1	779433
779.645	1.0	NonTarget	1	779645
779.861	1.0	NonTarget	1	779861
780.09	1.0	NonTarget	1	780090
780.295	1.0	Target	2	780295
788.312	1.0	Target	2	788312
788.364	1.0	NonTarget	1	788364
788.53	1.0	NonTarget	1	788530
788.755	1.0	NonTarget	1	788755
788.966	1.0	NonTarget	1	788966
789.188	1.0	NonTarget	1	789188
789.399	1.0	NonTarget	1	789399
789.611	1.0	NonTarget	1	789611
789.845	1.0	Target	2	789845
790.062	1.0	NonTarget	1	790062
790.28	1.0	NonTarget	1	790280
790.505	1.0	NonTarget	1	790505
790.728	1.0	NonTarget	1	790728
790.949	1.0	NonTarget	1	790949
791.162	1.0	NonTarget	1	791162
791.38	1.0	Target	2	791380
791.604	1.0	NonTarget	1	791604
791.811	1.0	NonTarget	1	791811
792.028	1.0	NonTarget	1	792028
792.248	1.0	NonTarget	1	792248
792.462	1.0	Target	2	792462
792.689	1.0	NonTarget	1	792689
792.894	1.0	NonTarget	1	792894
793.111	1.0	NonTarget	1	793111
793.328	1.0	Target	2	793328
793.547	1.0	NonTarget	1	793547
793.761	1.0	NonTarget	1	793761
793.981	1.0	NonTarget	1	793981
794.211	1.0	NonTarget	1	794211
794.43	1.0	NonTarget	1	794430
794.646	1.0	NonTarget	1	794646
794.888	1.0	NonTarget	1	794888
795.095	1.0	Target	2	795095
795.319	1.0	NonTarget	1	795319
795.545	1.0	NonTarget	1	795545
795.761	1.0	NonTarget	1	795761
795.988	1.0	Target	2	795988
796.204	1.0	NonTarget	1	796204
796.411	1.0	NonTarget	1	796411
796.629	1.0	NonTarget	1	796629
796.861	1.0	NonTarget	1	796861
797.086	1.0	NonTarget	1	797086
797.295	1.0	NonTarget	1	797295
797.548	1.0	NonTarget	1	797548
797.761	1.0	NonTarget	1	797761
797.998	1.0	Target	2	797998
798.233	1.0	NonTarget	1	798233
798.448	1.0	NonTarget	1	798448
798.672	1.0	NonTarget	1	798672
798.879	1.0	NonTarget	1	798879
799.094	1.0	NonTarget	1	799094
799.316	1.0	Target	2	799316
799.528	1.0	NonTarget	1	799528
799.745	1.0	NonTarget	1	799745
799.961	1.0	NonTarget	1	799961
800.18	1.0	Target	2	800180
800.395	1.0	NonTarget	1	800395
800.611	1.0	NonTarget	1	800611
800.828	1.0	NonTarget	1	800828
801.045	1.0	NonTarget	1	801045
809.044	1.0	NonTarget	1	809044
809.098	1.0	NonTarget	1	809098
809.278	1.0	NonTarget	1	809278
809.499	1.0	NonTarget	1	809499
809.712	1.0	Target	2	809712
809.931	1.0	NonTarget	1	809931
810.151	1.0	NonTarget	1	810151
810.378	1.0	NonTarget	1	810378
810.603	1.0	Target	2	810603
810.819	1.0	NonTarget	1	810819
811.028	1.0	NonTarget	1	811028
811.245	1.0	NonTarget	1	811245
811.478	1.0	Target	2	811478
811.706	1.0	NonTarget	1	811706
811.929	1.0	NonTarget	1	811929
812.145	1.0	NonTarget	1	812145
812.37	1.0	NonTarget	1	812370
812.578	1.0	NonTarget	1	812578
812.795	1.0	NonTarget	1	812795
813.011	1.0	NonTarget	1	813011
813.228	1.0	NonTarget	1	813228
813.451	1.0	NonTarget	1	813451
813.661	1.0	Target	2	813661
813.879	1.0	NonTarget	1	813879
814.094	1.0	NonTarget	1	814094
814.312	1.0	NonTarget	1	814312
814.561	1.0	NonTarget	1	814561
814.778	1.0	Target	2	814778
815.011	1.0	NonTarget	1	815011
815.228	1.0	NonTarget	1	815228
815.445	1.0	NonTarget	1	815445
815.664	1.0	Target	2	815664
815.881	1.0	NonTarget	1	815881
816.096	1.0	NonTarget	1	816096
816.311	1.0	NonTarget	1	816311
816.531	1.0	NonTarget	1	816531
816.746	1.0	NonTarget	1	816746
816.963	1.0	NonTarget	1	816963
817.178	1.0	NonTarget	1	817178
817.394	1.0	NonTarget	1	817394
817.612	1.0	NonTarget	1	817612
817.828	1.0	Target	2	817828
818.045	1.0	NonTarget	1	818045
818.261	1.0	NonTarget	1	818261
818.48	1.0	Target	2	818480
818.703	1.0	NonTarget	1	818703
818.913	1.0	NonTarget	1	818913
819.128	1.0	NonTarget	1	819128
819.344	1.0	Target	2	819344
819.579	1.0	NonTarget	1	819579
819.796	1.0	NonTarget	1	819796
820.047	1.0	NonTarget	1	820047
820.261	1.0	NonTarget	1	820261
820.494	1.0	NonTarget	1	820494
820.711	1.0	NonTarget	1	820711
820.93	1.0	NonTarget	1	820930
821.144	1.0	NonTarget	1	821144
821.361	1.0	NonTarget	1	821361
821.579	1.0	NonTarget	1	821579
821.797	1.0	Target	2	821797
829.847	1.0	NonTarget	1	829847
829.896	1.0	NonTarget	1	829896
830.07	1.0	NonTarget	1	830070
830.3	1.0	Target	2	830300
830.517	1.0	NonTarget	1	830517
830.732	1.0	NonTarget	1	830732
830.961	1.0	NonTarget	1	830961
831.179	1.0	NonTarget	1	831179
831.411	1.0	NonTarget	1	831411
831.651	1.0	NonTarget	1	831651
831.861	1.0	Target	2	831861
832.082	1.0	NonTarget	1	832082
832.295	1.0	NonTarget	1	832295
832.51	1.0	NonTarget	1	832510
832.748	1.0	NonTarget	1	832748
832.961	1.0	NonTarget	1	832961
833.178	1.0	NonTarget	1	833178
833.41	1.0	Target	2	833410
833.611	1.0	NonTarget	1	833611
833.828	1.0	NonTarget	1	833828
834.044	1.0	NonTarget	1	834044
834.277	1.0	Target	2	834277
834.497	1.0	NonTarget	1	834497
834.714	1.0	NonTarget	1	834714
834.928	1.0	NonTarget	1	834928
835.164	1.0	NonTarget	1	835164
835.387	1.0	Target	2	835387
835.596	1.0	NonTarget	1	835596
835.811	1.0	NonTarget	1	835811
836.027	1.0	NonTarget	1	836027
836.245	1.0	NonTarget	1	836245
836.464	1.0	NonTarget	1	836464
836.695	1.0	NonTarget	1	836695
836.927	1.0	Target	2	836927
837.144	1.0	NonTarget	1	837144
837.38	1.0	NonTarget	1	837380
837.596	1.0	NonTarget	1	837596
837.814	1.0	NonTarget	1	837814
838.047	1.0	NonTarget	1	838047
838.28	1.0	NonTarget	1	838280
838.496	1.0	Target	2	838496
838.711	1.0	NonTarget	1	838711
838.928	1.0	NonTarget	1	838928
839.161	1.0	NonTarget	1	839161
839.38	1.0	Target	2	839380
839.61	1.0	NonTarget	1	839610
839.828	1.0	NonTarget	1	839828
840.044	1.0	NonTarget	1	840044
840.261	1.0	NonTarget	1	840261
840.48	1.0	NonTarget	1	840480
840.694	1.0	Target	2	840694
840.956	1.0	NonTarget	1	840956
841.164	1.0	NonTarget	1	841164
841.38	1.0	NonTarget	1	841380
841.611	1.0	NonTarget	1	841611
841.844	1.0	NonTarget	1	841844
842.08	1.0	NonTarget	1	842080
842.299	1.0	Target	2	842299
842.515	1.0	NonTarget	1	842515
842.731	1.0	NonTarget	1	842731
