onset	duration	trial_type	value	sample
152.78	n/a	NonTarget	1	152780
153.014	n/a	NonTarget	1	153014
153.247	n/a	NonTarget	1	153247
153.48	n/a	NonTarget	1	153480
153.713	n/a	Target	2	153713
153.947	n/a	NonTarget	1	153947
154.18	n/a	NonTarget	1	154180
154.413	n/a	NonTarget	1	154413
154.647	n/a	Target	2	154647
154.88	n/a	NonTarget	1	154880
155.113	n/a	NonTarget	1	155113
155.346	n/a	NonTarget	1	155346
155.58	n/a	Target	2	155580
155.813	n/a	NonTarget	1	155813
156.047	n/a	NonTarget	1	156047
156.28	n/a	NonTarget	1	156280
156.513	n/a	NonTarget	1	156513
156.747	n/a	NonTarget	1	156747
156.98	n/a	NonTarget	1	156980
157.213	n/a	NonTarget	1	157213
157.447	n/a	NonTarget	1	157447
157.68	n/a	NonTarget	1	157680
157.913	n/a	Target	2	157913
158.147	n/a	NonTarget	1	158147
158.379	n/a	NonTarget	1	158379
158.613	n/a	NonTarget	1	158613
158.847	n/a	NonTarget	1	158847
159.08	n/a	Target	2	159080
159.313	n/a	NonTarget	1	159313
159.547	n/a	NonTarget	1	159547
159.78	n/a	NonTarget	1	159780
160.013	n/a	Target	2	160013
160.247	n/a	NonTarget	1	160247
160.48	n/a	NonTarget	1	160480
160.713	n/a	NonTarget	1	160713
160.947	n/a	NonTarget	1	160947
161.18	n/a	NonTarget	1	161180
161.413	n/a	NonTarget	1	161413
161.647	n/a	NonTarget	1	161647
161.88	n/a	NonTarget	1	161880
162.113	n/a	NonTarget	1	162113
162.347	n/a	Target	2	162347
162.58	n/a	NonTarget	1	162580
162.813	n/a	NonTarget	1	162813
163.047	n/a	Target	2	163047
163.28	n/a	NonTarget	1	163280
163.513	n/a	NonTarget	1	163513
163.747	n/a	NonTarget	1	163747
163.98	n/a	Target	2	163980
164.213	n/a	NonTarget	1	164213
164.447	n/a	NonTarget	1	164447
164.68	n/a	NonTarget	1	164680
164.913	n/a	NonTarget	1	164913
165.147	n/a	NonTarget	1	165147
165.38	n/a	NonTarget	1	165380
165.613	n/a	NonTarget	1	165613
165.847	n/a	NonTarget	1	165847
166.08	n/a	NonTarget	1	166080
166.313	n/a	NonTarget	1	166313
166.546	n/a	Target	2	166546
174.463	n/a	NonTarget	1	174463
174.697	n/a	NonTarget	1	174697
174.93	n/a	NonTarget	1	174930
175.163	n/a	NonTarget	1	175163
175.396	n/a	Target	2	175396
175.63	n/a	NonTarget	1	175630
175.863	n/a	Target	2	175863
176.096	n/a	NonTarget	1	176096
176.329	n/a	NonTarget	1	176329
176.564	n/a	NonTarget	1	176564
176.796	n/a	NonTarget	1	176796
177.03	n/a	NonTarget	1	177030
177.263	n/a	NonTarget	1	177263
177.496	n/a	NonTarget	1	177496
177.73	n/a	NonTarget	1	177730
177.963	n/a	NonTarget	1	177963
178.196	n/a	NonTarget	1	178196
178.429	n/a	Target	2	178429
178.663	n/a	NonTarget	1	178663
178.896	n/a	NonTarget	1	178896
179.13	n/a	Target	2	179130
179.363	n/a	NonTarget	1	179363
179.596	n/a	NonTarget	1	179596
179.83	n/a	NonTarget	1	179830
180.063	n/a	Target	2	180063
180.296	n/a	NonTarget	1	180296
180.53	n/a	NonTarget	1	180530
180.763	n/a	NonTarget	1	180763
180.996	n/a	NonTarget	1	180996
181.23	n/a	NonTarget	1	181230
181.462	n/a	NonTarget	1	181462
181.696	n/a	NonTarget	1	181696
181.93	n/a	NonTarget	1	181930
182.163	n/a	NonTarget	1	182163
182.396	n/a	Target	2	182396
182.629	n/a	NonTarget	1	182629
182.863	n/a	NonTarget	1	182863
183.096	n/a	NonTarget	1	183096
183.33	n/a	NonTarget	1	183330
183.563	n/a	NonTarget	1	183563
183.796	n/a	NonTarget	1	183796
184.03	n/a	Target	2	184030
184.263	n/a	NonTarget	1	184263
184.496	n/a	Target	2	184496
184.73	n/a	NonTarget	1	184730
184.963	n/a	NonTarget	1	184963
185.196	n/a	NonTarget	1	185196
185.43	n/a	NonTarget	1	185430
185.663	n/a	NonTarget	1	185663
185.896	n/a	NonTarget	1	185896
186.13	n/a	NonTarget	1	186130
186.362	n/a	NonTarget	1	186362
186.596	n/a	Target	2	186596
186.829	n/a	NonTarget	1	186829
187.063	n/a	NonTarget	1	187063
187.296	n/a	NonTarget	1	187296
187.53	n/a	NonTarget	1	187530
187.763	n/a	NonTarget	1	187763
187.996	n/a	NonTarget	1	187996
188.229	n/a	Target	2	188229
196.18	n/a	NonTarget	1	196180
196.413	n/a	NonTarget	1	196413
196.646	n/a	Target	2	196646
196.879	n/a	NonTarget	1	196879
197.113	n/a	NonTarget	1	197113
197.346	n/a	NonTarget	1	197346
197.579	n/a	NonTarget	1	197579
197.813	n/a	NonTarget	1	197813
198.046	n/a	Target	2	198046
198.279	n/a	NonTarget	1	198279
198.513	n/a	NonTarget	1	198513
198.745	n/a	NonTarget	1	198745
198.979	n/a	NonTarget	1	198979
199.213	n/a	NonTarget	1	199213
199.446	n/a	NonTarget	1	199446
199.679	n/a	NonTarget	1	199679
199.913	n/a	Target	2	199913
200.146	n/a	NonTarget	1	200146
200.379	n/a	Target	2	200379
200.613	n/a	NonTarget	1	200613
200.846	n/a	NonTarget	1	200846
201.079	n/a	NonTarget	1	201079
201.313	n/a	NonTarget	1	201313
201.546	n/a	NonTarget	1	201546
201.779	n/a	NonTarget	1	201779
202.012	n/a	Target	2	202012
202.246	n/a	NonTarget	1	202246
202.479	n/a	NonTarget	1	202479
202.713	n/a	NonTarget	1	202713
202.946	n/a	NonTarget	1	202946
203.178	n/a	NonTarget	1	203178
203.412	n/a	Target	2	203412
203.646	n/a	NonTarget	1	203646
203.879	n/a	NonTarget	1	203879
204.112	n/a	NonTarget	1	204112
204.346	n/a	NonTarget	1	204346
204.579	n/a	NonTarget	1	204579
204.812	n/a	NonTarget	1	204812
205.046	n/a	NonTarget	1	205046
205.279	n/a	NonTarget	1	205279
205.512	n/a	NonTarget	1	205512
205.746	n/a	Target	2	205746
205.979	n/a	NonTarget	1	205979
206.212	n/a	NonTarget	1	206212
206.446	n/a	NonTarget	1	206446
206.679	n/a	NonTarget	1	206679
206.912	n/a	NonTarget	1	206912
207.146	n/a	Target	2	207146
207.379	n/a	NonTarget	1	207379
207.612	n/a	NonTarget	1	207612
207.846	n/a	NonTarget	1	207846
208.079	n/a	NonTarget	1	208079
208.312	n/a	NonTarget	1	208312
208.546	n/a	Target	2	208546
208.779	n/a	NonTarget	1	208779
209.012	n/a	NonTarget	1	209012
209.246	n/a	Target	2	209246
209.479	n/a	NonTarget	1	209479
209.712	n/a	NonTarget	1	209712
209.946	n/a	NonTarget	1	209946
217.896	n/a	NonTarget	1	217896
218.128	n/a	NonTarget	1	218128
218.362	n/a	NonTarget	1	218362
218.595	n/a	Target	2	218595
218.829	n/a	NonTarget	1	218829
219.062	n/a	NonTarget	1	219062
219.295	n/a	NonTarget	1	219295
219.529	n/a	NonTarget	1	219529
219.762	n/a	NonTarget	1	219762
219.995	n/a	Target	2	219995
220.229	n/a	NonTarget	1	220229
220.462	n/a	NonTarget	1	220462
220.695	n/a	NonTarget	1	220695
220.929	n/a	NonTarget	1	220929
221.162	n/a	NonTarget	1	221162
221.395	n/a	NonTarget	1	221395
221.629	n/a	NonTarget	1	221629
221.862	n/a	Target	2	221862
222.095	n/a	NonTarget	1	222095
222.329	n/a	NonTarget	1	222329
222.562	n/a	NonTarget	1	222562
222.795	n/a	NonTarget	1	222795
223.029	n/a	Target	2	223029
223.262	n/a	NonTarget	1	223262
223.495	n/a	NonTarget	1	223495
223.728	n/a	NonTarget	1	223728
223.962	n/a	Target	2	223962
224.195	n/a	NonTarget	1	224195
224.429	n/a	NonTarget	1	224429
224.662	n/a	NonTarget	1	224662
224.895	n/a	Target	2	224895
225.129	n/a	NonTarget	1	225129
225.362	n/a	NonTarget	1	225362
225.595	n/a	NonTarget	1	225595
225.829	n/a	NonTarget	1	225829
226.062	n/a	NonTarget	1	226062
226.295	n/a	NonTarget	1	226295
226.529	n/a	NonTarget	1	226529
226.762	n/a	Target	2	226762
226.995	n/a	NonTarget	1	226995
227.229	n/a	NonTarget	1	227229
227.462	n/a	NonTarget	1	227462
227.695	n/a	NonTarget	1	227695
227.928	n/a	NonTarget	1	227928
228.162	n/a	NonTarget	1	228162
228.396	n/a	Target	2	228396
228.629	n/a	NonTarget	1	228629
228.862	n/a	NonTarget	1	228862
229.095	n/a	NonTarget	1	229095
229.329	n/a	NonTarget	1	229329
229.562	n/a	NonTarget	1	229562
229.795	n/a	NonTarget	1	229795
230.029	n/a	Target	2	230029
230.262	n/a	NonTarget	1	230262
230.495	n/a	NonTarget	1	230495
230.729	n/a	Target	2	230729
230.962	n/a	NonTarget	1	230962
231.195	n/a	NonTarget	1	231195
231.429	n/a	NonTarget	1	231429
231.662	n/a	NonTarget	1	231662
239.562	n/a	NonTarget	1	239562
239.795	n/a	NonTarget	1	239795
240.028	n/a	Target	2	240028
240.262	n/a	NonTarget	1	240262
240.495	n/a	NonTarget	1	240495
240.729	n/a	NonTarget	1	240729
240.962	n/a	NonTarget	1	240962
241.195	n/a	Target	2	241195
241.428	n/a	NonTarget	1	241428
241.662	n/a	NonTarget	1	241662
241.895	n/a	NonTarget	1	241895
242.128	n/a	NonTarget	1	242128
242.361	n/a	NonTarget	1	242361
242.595	n/a	Target	2	242595
242.828	n/a	NonTarget	1	242828
243.062	n/a	NonTarget	1	243062
243.295	n/a	NonTarget	1	243295
243.528	n/a	NonTarget	1	243528
243.762	n/a	NonTarget	1	243762
243.995	n/a	NonTarget	1	243995
244.229	n/a	NonTarget	1	244229
244.462	n/a	NonTarget	1	244462
244.695	n/a	Target	2	244695
244.928	n/a	NonTarget	1	244928
245.162	n/a	NonTarget	1	245162
245.395	n/a	NonTarget	1	245395
245.628	n/a	NonTarget	1	245628
245.862	n/a	NonTarget	1	245862
246.095	n/a	Target	2	246095
246.327	n/a	NonTarget	1	246327
246.562	n/a	NonTarget	1	246562
246.795	n/a	Target	2	246795
247.028	n/a	NonTarget	1	247028
247.262	n/a	NonTarget	1	247262
247.495	n/a	NonTarget	1	247495
247.728	n/a	NonTarget	1	247728
247.961	n/a	NonTarget	1	247961
248.195	n/a	Target	2	248195
248.428	n/a	NonTarget	1	248428
248.662	n/a	NonTarget	1	248662
248.895	n/a	NonTarget	1	248895
249.128	n/a	NonTarget	1	249128
249.362	n/a	NonTarget	1	249362
249.595	n/a	Target	2	249595
249.828	n/a	NonTarget	1	249828
250.062	n/a	NonTarget	1	250062
250.295	n/a	NonTarget	1	250295
250.528	n/a	NonTarget	1	250528
250.761	n/a	NonTarget	1	250761
250.995	n/a	NonTarget	1	250995
251.228	n/a	Target	2	251228
251.462	n/a	NonTarget	1	251462
251.695	n/a	NonTarget	1	251695
251.928	n/a	NonTarget	1	251928
252.162	n/a	Target	2	252162
252.395	n/a	NonTarget	1	252395
252.628	n/a	NonTarget	1	252628
252.861	n/a	NonTarget	1	252861
253.095	n/a	NonTarget	1	253095
253.328	n/a	NonTarget	1	253328
261.278	n/a	NonTarget	1	261278
261.512	n/a	NonTarget	1	261512
261.745	n/a	Target	2	261745
261.978	n/a	NonTarget	1	261978
262.211	n/a	NonTarget	1	262211
262.445	n/a	NonTarget	1	262445
262.678	n/a	NonTarget	1	262678
262.911	n/a	NonTarget	1	262911
263.145	n/a	NonTarget	1	263145
263.378	n/a	NonTarget	1	263378
263.611	n/a	NonTarget	1	263611
263.844	n/a	Target	2	263844
264.078	n/a	NonTarget	1	264078
264.311	n/a	NonTarget	1	264311
264.545	n/a	Target	2	264545
264.778	n/a	NonTarget	1	264778
265.011	n/a	NonTarget	1	265011
265.245	n/a	NonTarget	1	265245
265.478	n/a	NonTarget	1	265478
265.711	n/a	Target	2	265711
265.944	n/a	NonTarget	1	265944
266.178	n/a	NonTarget	1	266178
266.411	n/a	NonTarget	1	266411
266.644	n/a	NonTarget	1	266644
266.877	n/a	NonTarget	1	266877
267.111	n/a	NonTarget	1	267111
267.345	n/a	NonTarget	1	267345
267.578	n/a	NonTarget	1	267578
267.811	n/a	NonTarget	1	267811
268.045	n/a	Target	2	268045
268.278	n/a	NonTarget	1	268278
268.512	n/a	NonTarget	1	268512
268.744	n/a	Target	2	268744
268.977	n/a	NonTarget	1	268977
269.211	n/a	NonTarget	1	269211
269.445	n/a	NonTarget	1	269445
269.678	n/a	NonTarget	1	269678
269.911	n/a	NonTarget	1	269911
270.144	n/a	Target	2	270144
270.378	n/a	NonTarget	1	270378
270.611	n/a	NonTarget	1	270611
270.844	n/a	NonTarget	1	270844
271.078	n/a	NonTarget	1	271078
271.311	n/a	NonTarget	1	271311
271.545	n/a	NonTarget	1	271545
271.778	n/a	NonTarget	1	271778
272.011	n/a	Target	2	272011
272.244	n/a	NonTarget	1	272244
272.478	n/a	Target	2	272478
272.711	n/a	NonTarget	1	272711
272.945	n/a	NonTarget	1	272945
273.177	n/a	NonTarget	1	273177
273.411	n/a	NonTarget	1	273411
273.644	n/a	NonTarget	1	273644
273.878	n/a	NonTarget	1	273878
274.111	n/a	NonTarget	1	274111
274.345	n/a	Target	2	274345
274.578	n/a	NonTarget	1	274578
274.811	n/a	NonTarget	1	274811
275.044	n/a	NonTarget	1	275044
282.994	n/a	NonTarget	1	282994
283.228	n/a	NonTarget	1	283228
283.461	n/a	NonTarget	1	283461
283.694	n/a	Target	2	283694
283.928	n/a	NonTarget	1	283928
284.161	n/a	NonTarget	1	284161
284.393	n/a	Target	2	284393
284.627	n/a	NonTarget	1	284627
284.861	n/a	NonTarget	1	284861
285.094	n/a	NonTarget	1	285094
285.328	n/a	NonTarget	1	285328
285.561	n/a	NonTarget	1	285561
285.794	n/a	NonTarget	1	285794
286.028	n/a	Target	2	286028
286.261	n/a	NonTarget	1	286261
286.494	n/a	NonTarget	1	286494
286.729	n/a	NonTarget	1	286729
286.961	n/a	NonTarget	1	286961
287.194	n/a	NonTarget	1	287194
287.428	n/a	NonTarget	1	287428
287.661	n/a	NonTarget	1	287661
287.894	n/a	Target	2	287894
288.127	n/a	NonTarget	1	288127
288.361	n/a	NonTarget	1	288361
288.594	n/a	NonTarget	1	288594
288.827	n/a	NonTarget	1	288827
289.061	n/a	NonTarget	1	289061
289.294	n/a	NonTarget	1	289294
289.527	n/a	Target	2	289527
289.761	n/a	NonTarget	1	289761
289.994	n/a	NonTarget	1	289994
290.227	n/a	NonTarget	1	290227
290.461	n/a	Target	2	290461
290.694	n/a	NonTarget	1	290694
290.927	n/a	NonTarget	1	290927
291.161	n/a	NonTarget	1	291161
291.394	n/a	NonTarget	1	291394
291.627	n/a	Target	2	291627
291.861	n/a	NonTarget	1	291861
292.094	n/a	NonTarget	1	292094
292.327	n/a	NonTarget	1	292327
292.561	n/a	NonTarget	1	292561
292.794	n/a	NonTarget	1	292794
293.027	n/a	NonTarget	1	293027
293.261	n/a	NonTarget	1	293261
293.494	n/a	NonTarget	1	293494
293.727	n/a	NonTarget	1	293727
293.961	n/a	Target	2	293961
294.194	n/a	NonTarget	1	294194
294.427	n/a	Target	2	294427
294.661	n/a	NonTarget	1	294661
294.894	n/a	NonTarget	1	294894
295.127	n/a	NonTarget	1	295127
295.361	n/a	NonTarget	1	295361
295.594	n/a	NonTarget	1	295594
295.827	n/a	NonTarget	1	295827
296.061	n/a	NonTarget	1	296061
296.294	n/a	Target	2	296294
296.527	n/a	NonTarget	1	296527
296.761	n/a	NonTarget	1	296761
304.728	n/a	NonTarget	1	304728
304.961	n/a	NonTarget	1	304961
305.194	n/a	NonTarget	1	305194
305.427	n/a	NonTarget	1	305427
305.661	n/a	Target	2	305661
305.894	n/a	NonTarget	1	305894
306.127	n/a	NonTarget	1	306127
306.36	n/a	NonTarget	1	306360
306.594	n/a	Target	2	306594
306.827	n/a	NonTarget	1	306827
307.06	n/a	NonTarget	1	307060
307.294	n/a	NonTarget	1	307294
307.527	n/a	Target	2	307527
307.76	n/a	NonTarget	1	307760
307.994	n/a	NonTarget	1	307994
308.227	n/a	NonTarget	1	308227
308.46	n/a	NonTarget	1	308460
308.693	n/a	NonTarget	1	308693
308.927	n/a	NonTarget	1	308927
309.161	n/a	NonTarget	1	309161
309.393	n/a	NonTarget	1	309393
309.627	n/a	NonTarget	1	309627
309.86	n/a	Target	2	309860
310.094	n/a	NonTarget	1	310094
310.327	n/a	NonTarget	1	310327
310.561	n/a	NonTarget	1	310561
310.794	n/a	NonTarget	1	310794
311.027	n/a	Target	2	311027
311.26	n/a	NonTarget	1	311260
311.494	n/a	NonTarget	1	311494
311.727	n/a	NonTarget	1	311727
311.96	n/a	Target	2	311960
312.194	n/a	NonTarget	1	312194
312.427	n/a	NonTarget	1	312427
312.66	n/a	NonTarget	1	312660
312.894	n/a	NonTarget	1	312894
313.127	n/a	NonTarget	1	313127
313.36	n/a	NonTarget	1	313360
313.594	n/a	NonTarget	1	313594
313.827	n/a	NonTarget	1	313827
314.06	n/a	NonTarget	1	314060
314.294	n/a	Target	2	314294
314.527	n/a	NonTarget	1	314527
314.76	n/a	NonTarget	1	314760
314.994	n/a	Target	2	314994
315.227	n/a	NonTarget	1	315227
315.46	n/a	NonTarget	1	315460
315.694	n/a	NonTarget	1	315694
315.927	n/a	Target	2	315927
316.16	n/a	NonTarget	1	316160
316.394	n/a	NonTarget	1	316394
316.627	n/a	NonTarget	1	316627
316.86	n/a	NonTarget	1	316860
317.094	n/a	NonTarget	1	317094
317.327	n/a	NonTarget	1	317327
317.56	n/a	NonTarget	1	317560
317.794	n/a	NonTarget	1	317794
318.027	n/a	NonTarget	1	318027
318.26	n/a	NonTarget	1	318260
318.494	n/a	Target	2	318494
326.376	n/a	NonTarget	1	326376
326.611	n/a	NonTarget	1	326611
326.843	n/a	NonTarget	1	326843
327.076	n/a	NonTarget	1	327076
327.31	n/a	Target	2	327310
327.543	n/a	NonTarget	1	327543
327.777	n/a	Target	2	327777
328.01	n/a	NonTarget	1	328010
328.244	n/a	NonTarget	1	328244
328.477	n/a	NonTarget	1	328477
328.71	n/a	NonTarget	1	328710
328.944	n/a	NonTarget	1	328944
329.176	n/a	NonTarget	1	329176
329.41	n/a	NonTarget	1	329410
329.643	n/a	NonTarget	1	329643
329.877	n/a	NonTarget	1	329877
330.11	n/a	NonTarget	1	330110
330.343	n/a	Target	2	330343
330.577	n/a	NonTarget	1	330577
330.81	n/a	NonTarget	1	330810
331.043	n/a	Target	2	331043
331.277	n/a	NonTarget	1	331277
331.51	n/a	NonTarget	1	331510
331.743	n/a	NonTarget	1	331743
331.977	n/a	Target	2	331977
332.21	n/a	NonTarget	1	332210
332.443	n/a	NonTarget	1	332443
332.677	n/a	NonTarget	1	332677
332.91	n/a	NonTarget	1	332910
333.143	n/a	NonTarget	1	333143
333.376	n/a	NonTarget	1	333376
333.61	n/a	NonTarget	1	333610
333.843	n/a	NonTarget	1	333843
334.076	n/a	NonTarget	1	334076
334.31	n/a	Target	2	334310
334.543	n/a	NonTarget	1	334543
334.777	n/a	NonTarget	1	334777
335.01	n/a	NonTarget	1	335010
335.243	n/a	NonTarget	1	335243
335.476	n/a	NonTarget	1	335476
335.71	n/a	NonTarget	1	335710
335.943	n/a	Target	2	335943
336.176	n/a	NonTarget	1	336176
336.41	n/a	Target	2	336410
336.643	n/a	NonTarget	1	336643
336.876	n/a	NonTarget	1	336876
337.11	n/a	NonTarget	1	337110
337.343	n/a	NonTarget	1	337343
337.576	n/a	NonTarget	1	337576
337.81	n/a	NonTarget	1	337810
338.043	n/a	NonTarget	1	338043
338.276	n/a	NonTarget	1	338276
338.51	n/a	Target	2	338510
338.743	n/a	NonTarget	1	338743
338.976	n/a	NonTarget	1	338976
339.21	n/a	NonTarget	1	339210
339.443	n/a	NonTarget	1	339443
339.676	n/a	NonTarget	1	339676
339.91	n/a	NonTarget	1	339910
340.143	n/a	Target	2	340143
348.126	n/a	NonTarget	1	348126
348.359	n/a	Target	2	348359
348.593	n/a	NonTarget	1	348593
348.826	n/a	NonTarget	1	348826
349.059	n/a	NonTarget	1	349059
349.293	n/a	NonTarget	1	349293
349.526	n/a	NonTarget	1	349526
349.76	n/a	NonTarget	1	349760
349.993	n/a	NonTarget	1	349993
350.226	n/a	Target	2	350226
350.46	n/a	NonTarget	1	350460
350.693	n/a	NonTarget	1	350693
350.926	n/a	NonTarget	1	350926
351.16	n/a	NonTarget	1	351160
351.393	n/a	NonTarget	1	351393
351.626	n/a	NonTarget	1	351626
351.859	n/a	Target	2	351859
352.093	n/a	NonTarget	1	352093
352.326	n/a	NonTarget	1	352326
352.559	n/a	Target	2	352559
352.793	n/a	NonTarget	1	352793
353.026	n/a	NonTarget	1	353026
353.259	n/a	NonTarget	1	353259
353.493	n/a	NonTarget	1	353493
353.726	n/a	NonTarget	1	353726
353.959	n/a	NonTarget	1	353959
354.193	n/a	NonTarget	1	354193
354.426	n/a	Target	2	354426
354.659	n/a	NonTarget	1	354659
354.892	n/a	NonTarget	1	354892
355.126	n/a	NonTarget	1	355126
355.359	n/a	NonTarget	1	355359
355.593	n/a	NonTarget	1	355593
355.826	n/a	Target	2	355826
356.06	n/a	NonTarget	1	356060
356.293	n/a	NonTarget	1	356293
356.526	n/a	NonTarget	1	356526
356.759	n/a	NonTarget	1	356759
356.993	n/a	Target	2	356993
357.226	n/a	NonTarget	1	357226
357.459	n/a	NonTarget	1	357459
357.693	n/a	NonTarget	1	357693
357.926	n/a	NonTarget	1	357926
358.159	n/a	NonTarget	1	358159
358.393	n/a	NonTarget	1	358393
358.626	n/a	Target	2	358626
358.859	n/a	NonTarget	1	358859
359.093	n/a	NonTarget	1	359093
359.325	n/a	NonTarget	1	359325
359.559	n/a	NonTarget	1	359559
359.793	n/a	Target	2	359793
360.026	n/a	NonTarget	1	360026
360.259	n/a	NonTarget	1	360259
360.493	n/a	NonTarget	1	360493
360.726	n/a	NonTarget	1	360726
360.959	n/a	NonTarget	1	360959
361.192	n/a	Target	2	361192
361.426	n/a	NonTarget	1	361426
361.659	n/a	NonTarget	1	361659
361.893	n/a	NonTarget	1	361893
369.859	n/a	NonTarget	1	369859
370.093	n/a	NonTarget	1	370093
370.326	n/a	NonTarget	1	370326
370.559	n/a	NonTarget	1	370559
370.793	n/a	Target	2	370793
371.026	n/a	NonTarget	1	371026
371.259	n/a	Target	2	371259
371.492	n/a	NonTarget	1	371492
371.726	n/a	NonTarget	1	371726
371.959	n/a	NonTarget	1	371959
372.193	n/a	NonTarget	1	372193
372.426	n/a	NonTarget	1	372426
372.659	n/a	Target	2	372659
372.892	n/a	NonTarget	1	372892
373.125	n/a	NonTarget	1	373125
373.359	n/a	NonTarget	1	373359
373.592	n/a	NonTarget	1	373592
373.826	n/a	NonTarget	1	373826
374.059	n/a	NonTarget	1	374059
374.292	n/a	NonTarget	1	374292
374.526	n/a	NonTarget	1	374526
374.759	n/a	NonTarget	1	374759
374.992	n/a	NonTarget	1	374992
375.226	n/a	Target	2	375226
375.459	n/a	NonTarget	1	375459
375.692	n/a	NonTarget	1	375692
375.926	n/a	Target	2	375926
376.159	n/a	NonTarget	1	376159
376.392	n/a	NonTarget	1	376392
376.625	n/a	NonTarget	1	376625
376.859	n/a	NonTarget	1	376859
377.092	n/a	NonTarget	1	377092
377.325	n/a	Target	2	377325
377.559	n/a	NonTarget	1	377559
377.792	n/a	NonTarget	1	377792
378.026	n/a	NonTarget	1	378026
378.259	n/a	NonTarget	1	378259
378.492	n/a	NonTarget	1	378492
378.726	n/a	Target	2	378726
378.959	n/a	NonTarget	1	378959
379.192	n/a	NonTarget	1	379192
379.425	n/a	NonTarget	1	379425
379.659	n/a	Target	2	379659
379.892	n/a	NonTarget	1	379892
380.126	n/a	NonTarget	1	380126
380.359	n/a	NonTarget	1	380359
380.592	n/a	NonTarget	1	380592
380.826	n/a	NonTarget	1	380826
381.059	n/a	NonTarget	1	381059
381.292	n/a	NonTarget	1	381292
381.526	n/a	NonTarget	1	381526
381.759	n/a	NonTarget	1	381759
381.992	n/a	NonTarget	1	381992
382.225	n/a	Target	2	382225
382.459	n/a	NonTarget	1	382459
382.692	n/a	NonTarget	1	382692
382.925	n/a	NonTarget	1	382925
383.159	n/a	NonTarget	1	383159
383.391	n/a	NonTarget	1	383391
383.625	n/a	Target	2	383625
391.576	n/a	Target	2	391576
391.809	n/a	NonTarget	1	391809
392.042	n/a	NonTarget	1	392042
392.275	n/a	NonTarget	1	392275
392.508	n/a	NonTarget	1	392508
392.742	n/a	NonTarget	1	392742
392.975	n/a	NonTarget	1	392975
393.209	n/a	NonTarget	1	393209
393.442	n/a	NonTarget	1	393442
393.675	n/a	NonTarget	1	393675
393.909	n/a	NonTarget	1	393909
394.142	n/a	Target	2	394142
394.375	n/a	NonTarget	1	394375
394.609	n/a	Target	2	394609
394.842	n/a	NonTarget	1	394842
395.075	n/a	NonTarget	1	395075
395.309	n/a	NonTarget	1	395309
395.542	n/a	NonTarget	1	395542
395.775	n/a	NonTarget	1	395775
396.009	n/a	NonTarget	1	396009
396.242	n/a	NonTarget	1	396242
396.475	n/a	NonTarget	1	396475
396.709	n/a	Target	2	396709
396.942	n/a	NonTarget	1	396942
397.175	n/a	NonTarget	1	397175
397.408	n/a	Target	2	397408
397.642	n/a	NonTarget	1	397642
397.875	n/a	NonTarget	1	397875
398.109	n/a	NonTarget	1	398109
398.342	n/a	NonTarget	1	398342
398.575	n/a	Target	2	398575
398.809	n/a	NonTarget	1	398809
399.042	n/a	NonTarget	1	399042
399.275	n/a	NonTarget	1	399275
399.508	n/a	NonTarget	1	399508
399.742	n/a	NonTarget	1	399742
399.975	n/a	NonTarget	1	399975
400.208	n/a	NonTarget	1	400208
400.442	n/a	Target	2	400442
400.675	n/a	NonTarget	1	400675
400.908	n/a	NonTarget	1	400908
401.142	n/a	NonTarget	1	401142
401.375	n/a	NonTarget	1	401375
401.608	n/a	Target	2	401608
401.842	n/a	NonTarget	1	401842
402.075	n/a	NonTarget	1	402075
402.308	n/a	NonTarget	1	402308
402.542	n/a	NonTarget	1	402542
402.775	n/a	NonTarget	1	402775
403.008	n/a	NonTarget	1	403008
403.242	n/a	NonTarget	1	403242
403.475	n/a	NonTarget	1	403475
403.709	n/a	Target	2	403709
403.942	n/a	NonTarget	1	403942
404.175	n/a	NonTarget	1	404175
404.408	n/a	Target	2	404408
404.642	n/a	NonTarget	1	404642
404.875	n/a	NonTarget	1	404875
405.107	n/a	NonTarget	1	405107
405.342	n/a	NonTarget	1	405342
413.308	n/a	NonTarget	1	413308
413.542	n/a	NonTarget	1	413542
413.775	n/a	NonTarget	1	413775
414.008	n/a	Target	2	414008
414.241	n/a	NonTarget	1	414241
414.475	n/a	NonTarget	1	414475
414.708	n/a	NonTarget	1	414708
414.941	n/a	NonTarget	1	414941
415.175	n/a	NonTarget	1	415175
415.408	n/a	Target	2	415408
415.641	n/a	NonTarget	1	415641
415.875	n/a	NonTarget	1	415875
416.108	n/a	NonTarget	1	416108
416.341	n/a	NonTarget	1	416341
416.574	n/a	NonTarget	1	416574
416.808	n/a	NonTarget	1	416808
417.041	n/a	NonTarget	1	417041
417.275	n/a	Target	2	417275
417.508	n/a	NonTarget	1	417508
417.741	n/a	NonTarget	1	417741
417.974	n/a	NonTarget	1	417974
418.208	n/a	NonTarget	1	418208
418.441	n/a	Target	2	418441
418.675	n/a	NonTarget	1	418675
418.907	n/a	NonTarget	1	418907
419.141	n/a	NonTarget	1	419141
419.375	n/a	Target	2	419375
419.608	n/a	NonTarget	1	419608
419.841	n/a	NonTarget	1	419841
420.075	n/a	NonTarget	1	420075
420.308	n/a	Target	2	420308
420.541	n/a	NonTarget	1	420541
420.774	n/a	NonTarget	1	420774
421.008	n/a	NonTarget	1	421008
421.241	n/a	NonTarget	1	421241
421.475	n/a	NonTarget	1	421475
421.708	n/a	NonTarget	1	421708
421.941	n/a	NonTarget	1	421941
422.175	n/a	Target	2	422175
422.408	n/a	NonTarget	1	422408
422.641	n/a	NonTarget	1	422641
422.875	n/a	NonTarget	1	422875
423.108	n/a	NonTarget	1	423108
423.341	n/a	NonTarget	1	423341
423.575	n/a	NonTarget	1	423575
423.808	n/a	Target	2	423808
424.041	n/a	NonTarget	1	424041
424.275	n/a	NonTarget	1	424275
424.508	n/a	NonTarget	1	424508
424.741	n/a	NonTarget	1	424741
424.975	n/a	NonTarget	1	424975
425.207	n/a	NonTarget	1	425207
425.441	n/a	Target	2	425441
425.675	n/a	NonTarget	1	425675
425.908	n/a	NonTarget	1	425908
426.141	n/a	Target	2	426141
426.374	n/a	NonTarget	1	426374
426.608	n/a	NonTarget	1	426608
426.841	n/a	NonTarget	1	426841
427.074	n/a	NonTarget	1	427074
435.041	n/a	NonTarget	1	435041
435.274	n/a	NonTarget	1	435274
435.508	n/a	NonTarget	1	435508
435.741	n/a	NonTarget	1	435741
435.974	n/a	NonTarget	1	435974
436.208	n/a	Target	2	436208
436.441	n/a	NonTarget	1	436441
436.674	n/a	NonTarget	1	436674
436.907	n/a	NonTarget	1	436907
437.141	n/a	NonTarget	1	437141
437.374	n/a	Target	2	437374
437.608	n/a	NonTarget	1	437608
437.841	n/a	Target	2	437841
438.074	n/a	NonTarget	1	438074
438.308	n/a	NonTarget	1	438308
438.541	n/a	NonTarget	1	438541
438.774	n/a	NonTarget	1	438774
439.006	n/a	NonTarget	1	439006
439.241	n/a	Target	2	439241
439.474	n/a	NonTarget	1	439474
439.708	n/a	NonTarget	1	439708
439.94	n/a	NonTarget	1	439940
440.174	n/a	NonTarget	1	440174
440.408	n/a	NonTarget	1	440408
440.641	n/a	NonTarget	1	440641
440.874	n/a	NonTarget	1	440874
441.108	n/a	NonTarget	1	441108
441.341	n/a	NonTarget	1	441341
441.574	n/a	Target	2	441574
441.808	n/a	NonTarget	1	441808
442.04	n/a	NonTarget	1	442040
442.274	n/a	Target	2	442274
442.508	n/a	NonTarget	1	442508
442.741	n/a	NonTarget	1	442741
442.974	n/a	NonTarget	1	442974
443.207	n/a	NonTarget	1	443207
443.441	n/a	NonTarget	1	443441
443.674	n/a	NonTarget	1	443674
443.908	n/a	NonTarget	1	443908
444.141	n/a	NonTarget	1	444141
444.374	n/a	Target	2	444374
444.608	n/a	NonTarget	1	444608
444.841	n/a	NonTarget	1	444841
445.074	n/a	Target	2	445074
445.307	n/a	NonTarget	1	445307
445.541	n/a	NonTarget	1	445541
445.774	n/a	NonTarget	1	445774
446.007	n/a	NonTarget	1	446007
446.241	n/a	NonTarget	1	446241
446.474	n/a	NonTarget	1	446474
446.708	n/a	NonTarget	1	446708
446.941	n/a	Target	2	446941
447.174	n/a	NonTarget	1	447174
447.407	n/a	NonTarget	1	447407
447.641	n/a	Target	2	447641
447.874	n/a	NonTarget	1	447874
448.108	n/a	NonTarget	1	448108
448.341	n/a	NonTarget	1	448341
448.574	n/a	NonTarget	1	448574
448.807	n/a	NonTarget	1	448807
456.774	n/a	NonTarget	1	456774
457.007	n/a	NonTarget	1	457007
457.241	n/a	NonTarget	1	457241
457.474	n/a	NonTarget	1	457474
457.707	n/a	NonTarget	1	457707
457.941	n/a	Target	2	457941
458.173	n/a	NonTarget	1	458173
458.407	n/a	NonTarget	1	458407
458.64	n/a	NonTarget	1	458640
458.874	n/a	NonTarget	1	458874
459.107	n/a	Target	2	459107
459.341	n/a	NonTarget	1	459341
459.574	n/a	NonTarget	1	459574
459.807	n/a	Target	2	459807
460.04	n/a	NonTarget	1	460040
460.274	n/a	NonTarget	1	460274
460.507	n/a	NonTarget	1	460507
460.74	n/a	NonTarget	1	460740
460.974	n/a	NonTarget	1	460974
461.207	n/a	NonTarget	1	461207
461.441	n/a	NonTarget	1	461441
461.674	n/a	NonTarget	1	461674
461.907	n/a	NonTarget	1	461907
462.141	n/a	Target	2	462141
462.374	n/a	NonTarget	1	462374
462.607	n/a	NonTarget	1	462607
462.84	n/a	NonTarget	1	462840
463.074	n/a	NonTarget	1	463074
463.307	n/a	NonTarget	1	463307
463.54	n/a	Target	2	463540
463.774	n/a	NonTarget	1	463774
464.007	n/a	NonTarget	1	464007
464.24	n/a	NonTarget	1	464240
464.474	n/a	NonTarget	1	464474
464.707	n/a	NonTarget	1	464707
464.94	n/a	Target	2	464940
465.174	n/a	NonTarget	1	465174
465.407	n/a	Target	2	465407
465.64	n/a	NonTarget	1	465640
465.874	n/a	NonTarget	1	465874
466.107	n/a	NonTarget	1	466107
466.34	n/a	NonTarget	1	466340
466.574	n/a	NonTarget	1	466574
466.807	n/a	NonTarget	1	466807
467.04	n/a	NonTarget	1	467040
467.273	n/a	Target	2	467273
467.507	n/a	NonTarget	1	467507
467.74	n/a	NonTarget	1	467740
467.974	n/a	NonTarget	1	467974
468.206	n/a	NonTarget	1	468206
468.44	n/a	Target	2	468440
468.674	n/a	NonTarget	1	468674
468.907	n/a	NonTarget	1	468907
469.14	n/a	NonTarget	1	469140
469.373	n/a	Target	2	469373
469.607	n/a	NonTarget	1	469607
469.84	n/a	NonTarget	1	469840
470.074	n/a	NonTarget	1	470074
470.307	n/a	NonTarget	1	470307
470.54	n/a	NonTarget	1	470540
478.423	n/a	NonTarget	1	478423
478.657	n/a	NonTarget	1	478657
478.89	n/a	NonTarget	1	478890
479.123	n/a	Target	2	479123
479.357	n/a	NonTarget	1	479357
479.59	n/a	NonTarget	1	479590
479.823	n/a	Target	2	479823
480.057	n/a	NonTarget	1	480057
480.29	n/a	NonTarget	1	480290
480.523	n/a	NonTarget	1	480523
480.757	n/a	NonTarget	1	480757
480.99	n/a	NonTarget	1	480990
481.223	n/a	NonTarget	1	481223
481.457	n/a	Target	2	481457
481.69	n/a	NonTarget	1	481690
481.923	n/a	NonTarget	1	481923
482.157	n/a	NonTarget	1	482157
482.39	n/a	NonTarget	1	482390
482.623	n/a	NonTarget	1	482623
482.857	n/a	NonTarget	1	482857
483.09	n/a	NonTarget	1	483090
483.323	n/a	Target	2	483323
483.556	n/a	NonTarget	1	483556
483.79	n/a	NonTarget	1	483790
484.023	n/a	NonTarget	1	484023
484.257	n/a	NonTarget	1	484257
484.49	n/a	NonTarget	1	484490
484.723	n/a	NonTarget	1	484723
484.957	n/a	Target	2	484957
485.19	n/a	NonTarget	1	485190
485.423	n/a	NonTarget	1	485423
485.656	n/a	NonTarget	1	485656
485.89	n/a	Target	2	485890
486.123	n/a	NonTarget	1	486123
486.357	n/a	NonTarget	1	486357
486.59	n/a	NonTarget	1	486590
486.823	n/a	NonTarget	1	486823
487.056	n/a	Target	2	487056
487.29	n/a	NonTarget	1	487290
487.523	n/a	NonTarget	1	487523
487.757	n/a	NonTarget	1	487757
487.99	n/a	NonTarget	1	487990
488.223	n/a	NonTarget	1	488223
488.457	n/a	NonTarget	1	488457
488.69	n/a	NonTarget	1	488690
488.923	n/a	NonTarget	1	488923
489.157	n/a	NonTarget	1	489157
489.39	n/a	Target	2	489390
489.622	n/a	NonTarget	1	489622
489.857	n/a	Target	2	489857
490.09	n/a	NonTarget	1	490090
490.323	n/a	NonTarget	1	490323
490.556	n/a	NonTarget	1	490556
490.79	n/a	NonTarget	1	490790
491.023	n/a	NonTarget	1	491023
491.257	n/a	NonTarget	1	491257
491.49	n/a	NonTarget	1	491490
491.723	n/a	Target	2	491723
491.957	n/a	NonTarget	1	491957
492.19	n/a	NonTarget	1	492190
500.073	n/a	NonTarget	1	500073
500.306	n/a	NonTarget	1	500306
500.539	n/a	Target	2	500539
500.773	n/a	NonTarget	1	500773
501.006	n/a	NonTarget	1	501006
501.24	n/a	NonTarget	1	501240
501.473	n/a	NonTarget	1	501473
501.706	n/a	Target	2	501706
501.94	n/a	NonTarget	1	501940
502.173	n/a	NonTarget	1	502173
502.406	n/a	NonTarget	1	502406
502.64	n/a	NonTarget	1	502640
502.873	n/a	NonTarget	1	502873
503.106	n/a	Target	2	503106
503.339	n/a	NonTarget	1	503339
503.573	n/a	NonTarget	1	503573
503.806	n/a	NonTarget	1	503806
504.04	n/a	NonTarget	1	504040
504.273	n/a	NonTarget	1	504273
504.506	n/a	NonTarget	1	504506
504.74	n/a	NonTarget	1	504740
504.972	n/a	NonTarget	1	504972
505.206	n/a	Target	2	505206
505.44	n/a	NonTarget	1	505440
505.672	n/a	NonTarget	1	505672
505.906	n/a	NonTarget	1	505906
506.14	n/a	NonTarget	1	506140
506.373	n/a	NonTarget	1	506373
506.606	n/a	Target	2	506606
506.839	n/a	NonTarget	1	506839
507.072	n/a	NonTarget	1	507072
507.306	n/a	Target	2	507306
507.54	n/a	NonTarget	1	507540
507.772	n/a	NonTarget	1	507772
508.006	n/a	NonTarget	1	508006
508.24	n/a	NonTarget	1	508240
508.473	n/a	NonTarget	1	508473
508.706	n/a	Target	2	508706
508.939	n/a	NonTarget	1	508939
509.173	n/a	NonTarget	1	509173
509.406	n/a	NonTarget	1	509406
509.64	n/a	NonTarget	1	509640
509.872	n/a	NonTarget	1	509872
510.106	n/a	Target	2	510106
510.339	n/a	NonTarget	1	510339
510.573	n/a	NonTarget	1	510573
510.806	n/a	NonTarget	1	510806
511.039	n/a	NonTarget	1	511039
511.273	n/a	NonTarget	1	511273
511.506	n/a	NonTarget	1	511506
511.739	n/a	Target	2	511739
511.972	n/a	NonTarget	1	511972
512.206	n/a	NonTarget	1	512206
512.439	n/a	NonTarget	1	512439
512.673	n/a	Target	2	512673
512.906	n/a	NonTarget	1	512906
513.139	n/a	NonTarget	1	513139
513.373	n/a	NonTarget	1	513373
513.606	n/a	NonTarget	1	513606
513.839	n/a	NonTarget	1	513839
521.789	n/a	NonTarget	1	521789
522.023	n/a	NonTarget	1	522023
522.256	n/a	NonTarget	1	522256
522.488	n/a	NonTarget	1	522488
522.722	n/a	Target	2	522722
522.956	n/a	NonTarget	1	522956
523.189	n/a	NonTarget	1	523189
523.423	n/a	NonTarget	1	523423
523.656	n/a	Target	2	523656
523.889	n/a	NonTarget	1	523889
524.123	n/a	NonTarget	1	524123
524.356	n/a	NonTarget	1	524356
524.589	n/a	Target	2	524589
524.823	n/a	NonTarget	1	524823
525.055	n/a	NonTarget	1	525055
525.289	n/a	NonTarget	1	525289
525.522	n/a	NonTarget	1	525522
525.756	n/a	NonTarget	1	525756
525.989	n/a	NonTarget	1	525989
526.222	n/a	NonTarget	1	526222
526.455	n/a	NonTarget	1	526455
526.689	n/a	NonTarget	1	526689
526.922	n/a	Target	2	526922
527.156	n/a	NonTarget	1	527156
527.389	n/a	NonTarget	1	527389
527.622	n/a	NonTarget	1	527622
527.856	n/a	NonTarget	1	527856
528.088	n/a	Target	2	528088
528.323	n/a	NonTarget	1	528323
528.556	n/a	NonTarget	1	528556
528.789	n/a	NonTarget	1	528789
529.022	n/a	Target	2	529022
529.256	n/a	NonTarget	1	529256
529.489	n/a	NonTarget	1	529489
529.722	n/a	NonTarget	1	529722
529.956	n/a	NonTarget	1	529956
530.189	n/a	NonTarget	1	530189
530.422	n/a	NonTarget	1	530422
530.656	n/a	NonTarget	1	530656
530.889	n/a	NonTarget	1	530889
531.123	n/a	NonTarget	1	531123
531.356	n/a	Target	2	531356
531.589	n/a	NonTarget	1	531589
531.822	n/a	NonTarget	1	531822
532.056	n/a	Target	2	532056
532.288	n/a	NonTarget	1	532288
532.522	n/a	NonTarget	1	532522
532.756	n/a	NonTarget	1	532756
532.989	n/a	Target	2	532989
533.222	n/a	NonTarget	1	533222
533.456	n/a	NonTarget	1	533456
533.689	n/a	NonTarget	1	533689
533.922	n/a	NonTarget	1	533922
534.155	n/a	NonTarget	1	534155
534.389	n/a	NonTarget	1	534389
534.622	n/a	NonTarget	1	534622
534.855	n/a	NonTarget	1	534855
535.089	n/a	NonTarget	1	535089
535.322	n/a	NonTarget	1	535322
535.555	n/a	Target	2	535555
543.522	n/a	NonTarget	1	543522
543.755	n/a	NonTarget	1	543755
543.989	n/a	Target	2	543989
544.222	n/a	NonTarget	1	544222
544.455	n/a	NonTarget	1	544455
544.689	n/a	NonTarget	1	544689
544.922	n/a	Target	2	544922
545.155	n/a	NonTarget	1	545155
545.389	n/a	NonTarget	1	545389
545.621	n/a	NonTarget	1	545621
545.855	n/a	NonTarget	1	545855
546.089	n/a	NonTarget	1	546089
546.322	n/a	NonTarget	1	546322
546.555	n/a	NonTarget	1	546555
546.789	n/a	NonTarget	1	546789
547.022	n/a	NonTarget	1	547022
547.255	n/a	NonTarget	1	547255
547.488	n/a	Target	2	547488
547.722	n/a	NonTarget	1	547722
547.955	n/a	NonTarget	1	547955
548.189	n/a	NonTarget	1	548189
548.422	n/a	NonTarget	1	548422
548.655	n/a	Target	2	548655
548.889	n/a	NonTarget	1	548889
549.122	n/a	NonTarget	1	549122
549.354	n/a	Target	2	549354
549.588	n/a	NonTarget	1	549588
549.822	n/a	NonTarget	1	549822
550.055	n/a	NonTarget	1	550055
550.289	n/a	NonTarget	1	550289
550.522	n/a	NonTarget	1	550522
550.755	n/a	Target	2	550755
550.989	n/a	NonTarget	1	550989
551.222	n/a	NonTarget	1	551222
551.455	n/a	NonTarget	1	551455
551.689	n/a	NonTarget	1	551689
551.922	n/a	NonTarget	1	551922
552.155	n/a	NonTarget	1	552155
552.389	n/a	Target	2	552389
552.622	n/a	NonTarget	1	552622
552.855	n/a	NonTarget	1	552855
553.089	n/a	NonTarget	1	553089
553.322	n/a	NonTarget	1	553322
553.555	n/a	NonTarget	1	553555
553.789	n/a	NonTarget	1	553789
554.022	n/a	NonTarget	1	554022
554.255	n/a	Target	2	554255
554.489	n/a	NonTarget	1	554489
554.722	n/a	NonTarget	1	554722
554.955	n/a	NonTarget	1	554955
555.188	n/a	NonTarget	1	555188
555.421	n/a	NonTarget	1	555421
555.655	n/a	Target	2	555655
555.888	n/a	NonTarget	1	555888
556.121	n/a	NonTarget	1	556121
556.355	n/a	NonTarget	1	556355
556.588	n/a	NonTarget	1	556588
556.822	n/a	Target	2	556822
557.055	n/a	NonTarget	1	557055
557.289	n/a	NonTarget	1	557289
565.172	n/a	NonTarget	1	565172
565.405	n/a	NonTarget	1	565405
565.638	n/a	NonTarget	1	565638
565.872	n/a	Target	2	565872
566.105	n/a	NonTarget	1	566105
566.338	n/a	NonTarget	1	566338
566.57	n/a	Target	2	566570
566.805	n/a	NonTarget	1	566805
567.038	n/a	NonTarget	1	567038
567.272	n/a	NonTarget	1	567272
567.505	n/a	NonTarget	1	567505
567.738	n/a	NonTarget	1	567738
567.972	n/a	NonTarget	1	567972
568.205	n/a	Target	2	568205
568.438	n/a	NonTarget	1	568438
568.672	n/a	NonTarget	1	568672
568.904	n/a	NonTarget	1	568904
569.138	n/a	NonTarget	1	569138
569.372	n/a	NonTarget	1	569372
569.605	n/a	NonTarget	1	569605
569.839	n/a	NonTarget	1	569839
570.071	n/a	Target	2	570071
570.305	n/a	NonTarget	1	570305
570.538	n/a	NonTarget	1	570538
570.772	n/a	NonTarget	1	570772
571.005	n/a	NonTarget	1	571005
571.238	n/a	NonTarget	1	571238
571.472	n/a	NonTarget	1	571472
571.706	n/a	Target	2	571706
571.938	n/a	NonTarget	1	571938
572.171	n/a	NonTarget	1	572171
572.405	n/a	NonTarget	1	572405
572.638	n/a	Target	2	572638
572.872	n/a	NonTarget	1	572872
573.105	n/a	NonTarget	1	573105
573.338	n/a	NonTarget	1	573338
573.571	n/a	NonTarget	1	573571
573.805	n/a	Target	2	573805
574.038	n/a	NonTarget	1	574038
574.271	n/a	NonTarget	1	574271
574.505	n/a	NonTarget	1	574505
574.738	n/a	NonTarget	1	574738
574.971	n/a	NonTarget	1	574971
575.204	n/a	NonTarget	1	575204
575.438	n/a	NonTarget	1	575438
575.672	n/a	NonTarget	1	575672
575.905	n/a	NonTarget	1	575905
576.138	n/a	Target	2	576138
576.372	n/a	NonTarget	1	576372
576.605	n/a	Target	2	576605
576.838	n/a	NonTarget	1	576838
577.072	n/a	NonTarget	1	577072
577.305	n/a	NonTarget	1	577305
577.538	n/a	NonTarget	1	577538
577.771	n/a	NonTarget	1	577771
578.006	n/a	NonTarget	1	578006
578.237	n/a	NonTarget	1	578237
578.471	n/a	Target	2	578471
578.705	n/a	NonTarget	1	578705
578.938	n/a	NonTarget	1	578938
586.888	n/a	NonTarget	1	586888
587.121	n/a	NonTarget	1	587121
587.355	n/a	Target	2	587355
587.588	n/a	NonTarget	1	587588
587.821	n/a	NonTarget	1	587821
588.055	n/a	NonTarget	1	588055
588.288	n/a	Target	2	588288
588.521	n/a	NonTarget	1	588521
588.754	n/a	NonTarget	1	588754
588.988	n/a	NonTarget	1	588988
589.221	n/a	NonTarget	1	589221
589.455	n/a	NonTarget	1	589455
589.688	n/a	NonTarget	1	589688
589.921	n/a	NonTarget	1	589921
590.154	n/a	NonTarget	1	590154
590.388	n/a	NonTarget	1	590388
590.621	n/a	NonTarget	1	590621
590.855	n/a	Target	2	590855
591.088	n/a	NonTarget	1	591088
591.321	n/a	NonTarget	1	591321
591.555	n/a	NonTarget	1	591555
591.788	n/a	NonTarget	1	591788
592.022	n/a	Target	2	592022
592.254	n/a	NonTarget	1	592254
592.488	n/a	NonTarget	1	592488
592.721	n/a	Target	2	592721
592.955	n/a	NonTarget	1	592955
593.188	n/a	NonTarget	1	593188
593.421	n/a	NonTarget	1	593421
593.654	n/a	NonTarget	1	593654
593.888	n/a	NonTarget	1	593888
594.121	n/a	Target	2	594121
594.354	n/a	NonTarget	1	594354
594.588	n/a	NonTarget	1	594588
594.821	n/a	NonTarget	1	594821
595.054	n/a	NonTarget	1	595054
595.288	n/a	NonTarget	1	595288
595.521	n/a	NonTarget	1	595521
595.754	n/a	Target	2	595754
595.988	n/a	NonTarget	1	595988
596.221	n/a	NonTarget	1	596221
596.455	n/a	NonTarget	1	596455
596.687	n/a	NonTarget	1	596687
596.921	n/a	NonTarget	1	596921
597.154	n/a	NonTarget	1	597154
597.388	n/a	NonTarget	1	597388
597.621	n/a	Target	2	597621
597.854	n/a	NonTarget	1	597854
598.088	n/a	NonTarget	1	598088
598.321	n/a	NonTarget	1	598321
598.554	n/a	NonTarget	1	598554
598.787	n/a	NonTarget	1	598787
599.022	n/a	Target	2	599022
599.254	n/a	NonTarget	1	599254
599.488	n/a	NonTarget	1	599488
599.721	n/a	NonTarget	1	599721
599.954	n/a	NonTarget	1	599954
600.188	n/a	Target	2	600188
600.421	n/a	NonTarget	1	600421
600.654	n/a	NonTarget	1	600654
608.537	n/a	NonTarget	1	608537
608.771	n/a	NonTarget	1	608771
609.004	n/a	NonTarget	1	609004
609.237	n/a	NonTarget	1	609237
609.471	n/a	Target	2	609471
609.704	n/a	NonTarget	1	609704
609.937	n/a	Target	2	609937
610.171	n/a	NonTarget	1	610171
610.404	n/a	NonTarget	1	610404
610.637	n/a	NonTarget	1	610637
610.87	n/a	NonTarget	1	610870
611.104	n/a	NonTarget	1	611104
611.337	n/a	NonTarget	1	611337
611.571	n/a	NonTarget	1	611571
611.804	n/a	NonTarget	1	611804
612.037	n/a	NonTarget	1	612037
612.271	n/a	NonTarget	1	612271
612.504	n/a	Target	2	612504
612.737	n/a	NonTarget	1	612737
612.971	n/a	NonTarget	1	612971
613.204	n/a	Target	2	613204
613.437	n/a	NonTarget	1	613437
613.671	n/a	NonTarget	1	613671
613.904	n/a	NonTarget	1	613904
614.137	n/a	Target	2	614137
614.371	n/a	NonTarget	1	614371
614.604	n/a	NonTarget	1	614604
614.837	n/a	NonTarget	1	614837
615.071	n/a	NonTarget	1	615071
615.304	n/a	NonTarget	1	615304
615.537	n/a	NonTarget	1	615537
615.771	n/a	NonTarget	1	615771
616.003	n/a	NonTarget	1	616003
616.237	n/a	NonTarget	1	616237
616.471	n/a	Target	2	616471
616.704	n/a	NonTarget	1	616704
616.937	n/a	NonTarget	1	616937
617.171	n/a	NonTarget	1	617171
617.403	n/a	NonTarget	1	617403
617.637	n/a	NonTarget	1	617637
617.871	n/a	NonTarget	1	617871
618.104	n/a	Target	2	618104
618.338	n/a	NonTarget	1	618338
618.57	n/a	Target	2	618570
618.804	n/a	NonTarget	1	618804
619.037	n/a	NonTarget	1	619037
619.271	n/a	NonTarget	1	619271
619.503	n/a	NonTarget	1	619503
619.737	n/a	NonTarget	1	619737
619.971	n/a	NonTarget	1	619971
620.203	n/a	NonTarget	1	620203
620.437	n/a	NonTarget	1	620437
620.671	n/a	Target	2	620671
620.904	n/a	NonTarget	1	620904
621.137	n/a	NonTarget	1	621137
621.37	n/a	NonTarget	1	621370
621.604	n/a	NonTarget	1	621604
621.837	n/a	NonTarget	1	621837
622.07	n/a	NonTarget	1	622070
622.304	n/a	Target	2	622304
630.187	n/a	NonTarget	1	630187
630.42	n/a	NonTarget	1	630420
630.654	n/a	NonTarget	1	630654
630.887	n/a	NonTarget	1	630887
631.12	n/a	Target	2	631120
631.354	n/a	NonTarget	1	631354
631.587	n/a	Target	2	631587
631.82	n/a	NonTarget	1	631820
632.054	n/a	NonTarget	1	632054
632.287	n/a	NonTarget	1	632287
632.52	n/a	NonTarget	1	632520
632.754	n/a	NonTarget	1	632754
632.987	n/a	NonTarget	1	632987
633.22	n/a	NonTarget	1	633220
633.454	n/a	NonTarget	1	633454
633.687	n/a	NonTarget	1	633687
633.92	n/a	NonTarget	1	633920
634.153	n/a	Target	2	634153
634.387	n/a	NonTarget	1	634387
634.62	n/a	NonTarget	1	634620
634.854	n/a	Target	2	634854
635.087	n/a	NonTarget	1	635087
635.32	n/a	NonTarget	1	635320
635.554	n/a	NonTarget	1	635554
635.787	n/a	Target	2	635787
636.02	n/a	NonTarget	1	636020
636.253	n/a	NonTarget	1	636253
636.487	n/a	NonTarget	1	636487
636.721	n/a	NonTarget	1	636721
636.953	n/a	NonTarget	1	636953
637.187	n/a	NonTarget	1	637187
637.42	n/a	NonTarget	1	637420
637.654	n/a	NonTarget	1	637654
637.887	n/a	NonTarget	1	637887
638.119	n/a	Target	2	638119
638.354	n/a	NonTarget	1	638354
638.587	n/a	NonTarget	1	638587
638.82	n/a	NonTarget	1	638820
639.053	n/a	NonTarget	1	639053
639.286	n/a	NonTarget	1	639286
639.52	n/a	NonTarget	1	639520
639.754	n/a	Target	2	639754
639.987	n/a	NonTarget	1	639987
640.22	n/a	Target	2	640220
640.453	n/a	NonTarget	1	640453
640.687	n/a	NonTarget	1	640687
640.92	n/a	NonTarget	1	640920
641.153	n/a	NonTarget	1	641153
641.386	n/a	NonTarget	1	641386
641.62	n/a	NonTarget	1	641620
641.853	n/a	NonTarget	1	641853
642.086	n/a	NonTarget	1	642086
642.32	n/a	Target	2	642320
642.554	n/a	NonTarget	1	642554
642.787	n/a	NonTarget	1	642787
643.02	n/a	NonTarget	1	643020
643.253	n/a	NonTarget	1	643253
643.486	n/a	NonTarget	1	643486
643.721	n/a	NonTarget	1	643721
643.953	n/a	Target	2	643953
651.903	n/a	NonTarget	1	651903
652.137	n/a	Target	2	652137
652.37	n/a	NonTarget	1	652370
652.603	n/a	NonTarget	1	652603
652.837	n/a	NonTarget	1	652837
653.07	n/a	NonTarget	1	653070
653.303	n/a	NonTarget	1	653303
653.536	n/a	NonTarget	1	653536
653.77	n/a	NonTarget	1	653770
654.004	n/a	Target	2	654004
654.237	n/a	NonTarget	1	654237
654.47	n/a	NonTarget	1	654470
654.703	n/a	Target	2	654703
654.937	n/a	NonTarget	1	654937
655.17	n/a	NonTarget	1	655170
655.403	n/a	NonTarget	1	655403
655.636	n/a	NonTarget	1	655636
655.87	n/a	NonTarget	1	655870
656.103	n/a	NonTarget	1	656103
656.337	n/a	NonTarget	1	656337
656.57	n/a	NonTarget	1	656570
656.803	n/a	NonTarget	1	656803
657.036	n/a	NonTarget	1	657036
657.27	n/a	Target	2	657270
657.503	n/a	NonTarget	1	657503
657.737	n/a	NonTarget	1	657737
657.97	n/a	NonTarget	1	657970
658.203	n/a	NonTarget	1	658203
658.436	n/a	NonTarget	1	658436
658.669	n/a	Target	2	658669
658.903	n/a	NonTarget	1	658903
659.136	n/a	NonTarget	1	659136
659.37	n/a	NonTarget	1	659370
659.603	n/a	NonTarget	1	659603
659.837	n/a	Target	2	659837
660.07	n/a	NonTarget	1	660070
660.303	n/a	NonTarget	1	660303
660.536	n/a	NonTarget	1	660536
660.769	n/a	NonTarget	1	660769
661.003	n/a	NonTarget	1	661003
661.236	n/a	NonTarget	1	661236
661.47	n/a	Target	2	661470
661.703	n/a	NonTarget	1	661703
661.936	n/a	NonTarget	1	661936
662.17	n/a	Target	2	662170
662.403	n/a	NonTarget	1	662403
662.636	n/a	NonTarget	1	662636
662.87	n/a	NonTarget	1	662870
663.102	n/a	NonTarget	1	663102
663.336	n/a	NonTarget	1	663336
663.57	n/a	NonTarget	1	663570
663.803	n/a	NonTarget	1	663803
664.036	n/a	NonTarget	1	664036
664.269	n/a	Target	2	664269
664.503	n/a	NonTarget	1	664503
664.736	n/a	NonTarget	1	664736
664.97	n/a	NonTarget	1	664970
665.203	n/a	NonTarget	1	665203
665.436	n/a	Target	2	665436
665.67	n/a	NonTarget	1	665670
673.569	n/a	NonTarget	1	673569
673.803	n/a	NonTarget	1	673803
674.036	n/a	NonTarget	1	674036
674.269	n/a	Target	2	674269
674.502	n/a	NonTarget	1	674502
674.736	n/a	NonTarget	1	674736
674.97	n/a	Target	2	674970
675.203	n/a	NonTarget	1	675203
675.436	n/a	NonTarget	1	675436
675.669	n/a	NonTarget	1	675669
675.903	n/a	NonTarget	1	675903
676.136	n/a	NonTarget	1	676136
676.369	n/a	NonTarget	1	676369
676.603	n/a	Target	2	676603
676.836	n/a	NonTarget	1	676836
677.07	n/a	NonTarget	1	677070
677.303	n/a	NonTarget	1	677303
677.536	n/a	NonTarget	1	677536
677.769	n/a	NonTarget	1	677769
678.003	n/a	NonTarget	1	678003
678.236	n/a	NonTarget	1	678236
678.469	n/a	Target	2	678469
678.703	n/a	NonTarget	1	678703
678.936	n/a	NonTarget	1	678936
679.169	n/a	NonTarget	1	679169
679.403	n/a	NonTarget	1	679403
679.636	n/a	NonTarget	1	679636
679.869	n/a	NonTarget	1	679869
680.103	n/a	Target	2	680103
680.336	n/a	NonTarget	1	680336
680.569	n/a	NonTarget	1	680569
680.803	n/a	NonTarget	1	680803
681.036	n/a	Target	2	681036
681.269	n/a	NonTarget	1	681269
681.503	n/a	NonTarget	1	681503
681.736	n/a	NonTarget	1	681736
681.969	n/a	NonTarget	1	681969
682.203	n/a	Target	2	682203
682.436	n/a	NonTarget	1	682436
682.669	n/a	NonTarget	1	682669
682.903	n/a	NonTarget	1	682903
683.136	n/a	NonTarget	1	683136
683.369	n/a	NonTarget	1	683369
683.603	n/a	NonTarget	1	683603
683.836	n/a	NonTarget	1	683836
684.069	n/a	NonTarget	1	684069
684.303	n/a	NonTarget	1	684303
684.536	n/a	Target	2	684536
684.769	n/a	NonTarget	1	684769
685.002	n/a	Target	2	685002
685.236	n/a	NonTarget	1	685236
685.469	n/a	NonTarget	1	685469
685.703	n/a	NonTarget	1	685703
685.936	n/a	NonTarget	1	685936
686.169	n/a	NonTarget	1	686169
686.401	n/a	NonTarget	1	686401
686.636	n/a	NonTarget	1	686636
686.869	n/a	Target	2	686869
687.103	n/a	NonTarget	1	687103
687.336	n/a	NonTarget	1	687336
695.286	n/a	NonTarget	1	695286
695.519	n/a	NonTarget	1	695519
695.752	n/a	Target	2	695752
695.985	n/a	NonTarget	1	695985
696.219	n/a	NonTarget	1	696219
696.452	n/a	NonTarget	1	696452
696.686	n/a	NonTarget	1	696686
696.919	n/a	NonTarget	1	696919
697.152	n/a	NonTarget	1	697152
697.386	n/a	NonTarget	1	697386
697.619	n/a	NonTarget	1	697619
697.852	n/a	Target	2	697852
698.086	n/a	NonTarget	1	698086
698.32	n/a	NonTarget	1	698320
698.552	n/a	Target	2	698552
698.786	n/a	NonTarget	1	698786
699.018	n/a	NonTarget	1	699018
699.252	n/a	NonTarget	1	699252
699.487	n/a	NonTarget	1	699487
699.719	n/a	Target	2	699719
699.952	n/a	NonTarget	1	699952
700.185	n/a	NonTarget	1	700185
700.419	n/a	NonTarget	1	700419
700.652	n/a	NonTarget	1	700652
700.886	n/a	NonTarget	1	700886
701.119	n/a	NonTarget	1	701119
701.352	n/a	NonTarget	1	701352
701.586	n/a	NonTarget	1	701586
701.819	n/a	NonTarget	1	701819
702.052	n/a	Target	2	702052
702.285	n/a	NonTarget	1	702285
702.518	n/a	NonTarget	1	702518
702.752	n/a	Target	2	702752
702.985	n/a	NonTarget	1	702985
703.218	n/a	NonTarget	1	703218
703.452	n/a	NonTarget	1	703452
703.685	n/a	NonTarget	1	703685
703.919	n/a	NonTarget	1	703919
704.152	n/a	Target	2	704152
704.384	n/a	NonTarget	1	704384
704.619	n/a	NonTarget	1	704619
704.852	n/a	NonTarget	1	704852
705.086	n/a	NonTarget	1	705086
705.32	n/a	NonTarget	1	705320
705.552	n/a	NonTarget	1	705552
705.785	n/a	NonTarget	1	705785
706.018	n/a	Target	2	706018
706.252	n/a	NonTarget	1	706252
706.485	n/a	Target	2	706485
706.719	n/a	NonTarget	1	706719
706.952	n/a	NonTarget	1	706952
707.186	n/a	NonTarget	1	707186
707.418	n/a	NonTarget	1	707418
707.652	n/a	NonTarget	1	707652
707.885	n/a	NonTarget	1	707885
708.119	n/a	NonTarget	1	708119
708.352	n/a	Target	2	708352
708.585	n/a	NonTarget	1	708585
708.819	n/a	NonTarget	1	708819
709.052	n/a	NonTarget	1	709052
716.952	n/a	NonTarget	1	716952
717.185	n/a	NonTarget	1	717185
717.419	n/a	NonTarget	1	717419
717.652	n/a	NonTarget	1	717652
717.885	n/a	Target	2	717885
718.118	n/a	NonTarget	1	718118
718.352	n/a	Target	2	718352
718.585	n/a	NonTarget	1	718585
718.818	n/a	NonTarget	1	718818
719.052	n/a	NonTarget	1	719052
719.285	n/a	NonTarget	1	719285
719.519	n/a	NonTarget	1	719519
719.752	n/a	NonTarget	1	719752
719.985	n/a	NonTarget	1	719985
720.218	n/a	NonTarget	1	720218
720.451	n/a	NonTarget	1	720451
720.685	n/a	NonTarget	1	720685
720.918	n/a	Target	2	720918
721.152	n/a	NonTarget	1	721152
721.385	n/a	NonTarget	1	721385
721.618	n/a	Target	2	721618
721.851	n/a	NonTarget	1	721851
722.085	n/a	NonTarget	1	722085
722.318	n/a	NonTarget	1	722318
722.552	n/a	Target	2	722552
722.785	n/a	NonTarget	1	722785
723.018	n/a	NonTarget	1	723018
723.252	n/a	NonTarget	1	723252
723.485	n/a	NonTarget	1	723485
723.718	n/a	NonTarget	1	723718
723.952	n/a	NonTarget	1	723952
724.185	n/a	NonTarget	1	724185
724.418	n/a	NonTarget	1	724418
724.652	n/a	NonTarget	1	724652
724.885	n/a	Target	2	724885
725.118	n/a	NonTarget	1	725118
725.352	n/a	NonTarget	1	725352
725.585	n/a	NonTarget	1	725585
725.818	n/a	NonTarget	1	725818
726.052	n/a	NonTarget	1	726052
726.285	n/a	NonTarget	1	726285
726.518	n/a	Target	2	726518
726.751	n/a	NonTarget	1	726751
726.985	n/a	Target	2	726985
727.218	n/a	NonTarget	1	727218
727.451	n/a	NonTarget	1	727451
727.685	n/a	NonTarget	1	727685
727.918	n/a	NonTarget	1	727918
728.152	n/a	NonTarget	1	728152
728.384	n/a	NonTarget	1	728384
728.618	n/a	NonTarget	1	728618
728.852	n/a	NonTarget	1	728852
729.085	n/a	Target	2	729085
729.318	n/a	NonTarget	1	729318
729.551	n/a	NonTarget	1	729551
729.785	n/a	NonTarget	1	729785
730.018	n/a	NonTarget	1	730018
730.252	n/a	NonTarget	1	730252
730.485	n/a	NonTarget	1	730485
730.718	n/a	Target	2	730718
738.668	n/a	NonTarget	1	738668
738.901	n/a	NonTarget	1	738901
739.135	n/a	Target	2	739135
739.368	n/a	NonTarget	1	739368
739.601	n/a	NonTarget	1	739601
739.834	n/a	NonTarget	1	739834
740.068	n/a	NonTarget	1	740068
740.301	n/a	Target	2	740301
740.535	n/a	NonTarget	1	740535
740.768	n/a	NonTarget	1	740768
741.001	n/a	NonTarget	1	741001
741.235	n/a	NonTarget	1	741235
741.468	n/a	NonTarget	1	741468
741.701	n/a	Target	2	741701
741.935	n/a	NonTarget	1	741935
742.168	n/a	NonTarget	1	742168
742.401	n/a	NonTarget	1	742401
742.635	n/a	NonTarget	1	742635
742.868	n/a	NonTarget	1	742868
743.101	n/a	NonTarget	1	743101
743.335	n/a	NonTarget	1	743335
743.568	n/a	NonTarget	1	743568
743.801	n/a	Target	2	743801
744.035	n/a	NonTarget	1	744035
744.268	n/a	NonTarget	1	744268
744.501	n/a	NonTarget	1	744501
744.735	n/a	NonTarget	1	744735
744.968	n/a	NonTarget	1	744968
745.201	n/a	Target	2	745201
745.435	n/a	NonTarget	1	745435
745.668	n/a	NonTarget	1	745668
745.901	n/a	Target	2	745901
746.135	n/a	NonTarget	1	746135
746.368	n/a	NonTarget	1	746368
746.601	n/a	NonTarget	1	746601
746.834	n/a	NonTarget	1	746834
747.068	n/a	NonTarget	1	747068
747.301	n/a	Target	2	747301
747.535	n/a	NonTarget	1	747535
747.768	n/a	NonTarget	1	747768
748.001	n/a	NonTarget	1	748001
748.235	n/a	NonTarget	1	748235
748.468	n/a	NonTarget	1	748468
748.701	n/a	Target	2	748701
748.935	n/a	NonTarget	1	748935
749.168	n/a	NonTarget	1	749168
749.401	n/a	NonTarget	1	749401
749.634	n/a	NonTarget	1	749634
749.867	n/a	NonTarget	1	749867
750.101	n/a	NonTarget	1	750101
750.334	n/a	Target	2	750334
750.568	n/a	NonTarget	1	750568
750.801	n/a	NonTarget	1	750801
751.034	n/a	NonTarget	1	751034
751.267	n/a	Target	2	751267
751.501	n/a	NonTarget	1	751501
751.734	n/a	NonTarget	1	751734
751.968	n/a	NonTarget	1	751968
752.201	n/a	NonTarget	1	752201
752.434	n/a	NonTarget	1	752434
760.401	n/a	NonTarget	1	760401
760.634	n/a	NonTarget	1	760634
760.867	n/a	NonTarget	1	760867
761.101	n/a	Target	2	761101
761.334	n/a	NonTarget	1	761334
761.568	n/a	NonTarget	1	761568
761.801	n/a	NonTarget	1	761801
762.034	n/a	NonTarget	1	762034
762.268	n/a	NonTarget	1	762268
762.501	n/a	Target	2	762501
762.734	n/a	NonTarget	1	762734
762.968	n/a	NonTarget	1	762968
763.201	n/a	NonTarget	1	763201
763.434	n/a	NonTarget	1	763434
763.667	n/a	NonTarget	1	763667
763.901	n/a	NonTarget	1	763901
764.134	n/a	NonTarget	1	764134
764.368	n/a	Target	2	764368
764.601	n/a	NonTarget	1	764601
764.833	n/a	NonTarget	1	764833
765.068	n/a	NonTarget	1	765068
765.301	n/a	NonTarget	1	765301
765.534	n/a	Target	2	765534
765.768	n/a	NonTarget	1	765768
766.0	n/a	NonTarget	1	766000
766.234	n/a	NonTarget	1	766234
766.467	n/a	Target	2	766467
766.701	n/a	NonTarget	1	766701
766.933	n/a	NonTarget	1	766933
767.167	n/a	NonTarget	1	767167
767.401	n/a	Target	2	767401
767.634	n/a	NonTarget	1	767634
767.867	n/a	NonTarget	1	767867
768.1	n/a	NonTarget	1	768100
768.334	n/a	NonTarget	1	768334
768.567	n/a	NonTarget	1	768567
768.8	n/a	NonTarget	1	768800
769.034	n/a	NonTarget	1	769034
769.267	n/a	Target	2	769267
769.501	n/a	NonTarget	1	769501
769.734	n/a	NonTarget	1	769734
769.967	n/a	NonTarget	1	769967
770.201	n/a	NonTarget	1	770201
770.434	n/a	NonTarget	1	770434
770.667	n/a	NonTarget	1	770667
770.901	n/a	Target	2	770901
771.134	n/a	NonTarget	1	771134
771.367	n/a	NonTarget	1	771367
771.601	n/a	NonTarget	1	771601
771.834	n/a	NonTarget	1	771834
772.067	n/a	NonTarget	1	772067
772.3	n/a	NonTarget	1	772300
772.534	n/a	Target	2	772534
772.767	n/a	NonTarget	1	772767
773.001	n/a	NonTarget	1	773001
773.234	n/a	Target	2	773234
773.467	n/a	NonTarget	1	773467
773.701	n/a	NonTarget	1	773701
773.934	n/a	NonTarget	1	773934
774.167	n/a	NonTarget	1	774167
782.134	n/a	NonTarget	1	782134
782.367	n/a	NonTarget	1	782367
782.6	n/a	NonTarget	1	782600
782.833	n/a	NonTarget	1	782833
783.067	n/a	Target	2	783067
783.301	n/a	NonTarget	1	783301
783.534	n/a	NonTarget	1	783534
783.767	n/a	NonTarget	1	783767
784.0	n/a	Target	2	784000
784.234	n/a	NonTarget	1	784234
784.467	n/a	NonTarget	1	784467
784.7	n/a	NonTarget	1	784700
784.934	n/a	Target	2	784934
785.167	n/a	NonTarget	1	785167
785.4	n/a	NonTarget	1	785400
785.634	n/a	NonTarget	1	785634
785.867	n/a	NonTarget	1	785867
786.1	n/a	NonTarget	1	786100
786.334	n/a	NonTarget	1	786334
786.567	n/a	NonTarget	1	786567
786.8	n/a	NonTarget	1	786800
787.034	n/a	NonTarget	1	787034
787.267	n/a	Target	2	787267
787.5	n/a	NonTarget	1	787500
787.734	n/a	NonTarget	1	787734
787.967	n/a	NonTarget	1	787967
788.2	n/a	NonTarget	1	788200
788.433	n/a	Target	2	788433
788.667	n/a	NonTarget	1	788667
788.9	n/a	NonTarget	1	788900
789.133	n/a	NonTarget	1	789133
789.366	n/a	Target	2	789366
789.6	n/a	NonTarget	1	789600
789.834	n/a	NonTarget	1	789834
790.067	n/a	NonTarget	1	790067
790.3	n/a	NonTarget	1	790300
790.534	n/a	NonTarget	1	790534
790.767	n/a	NonTarget	1	790767
791.0	n/a	NonTarget	1	791000
791.234	n/a	NonTarget	1	791234
791.466	n/a	NonTarget	1	791466
791.7	n/a	Target	2	791700
791.934	n/a	NonTarget	1	791934
792.167	n/a	NonTarget	1	792167
792.4	n/a	Target	2	792400
792.634	n/a	NonTarget	1	792634
792.867	n/a	NonTarget	1	792867
793.1	n/a	NonTarget	1	793100
793.333	n/a	Target	2	793333
793.567	n/a	NonTarget	1	793567
793.8	n/a	NonTarget	1	793800
794.034	n/a	NonTarget	1	794034
794.267	n/a	NonTarget	1	794267
794.499	n/a	NonTarget	1	794499
794.734	n/a	NonTarget	1	794734
794.967	n/a	NonTarget	1	794967
795.2	n/a	NonTarget	1	795200
795.432	n/a	NonTarget	1	795432
795.667	n/a	NonTarget	1	795667
795.9	n/a	Target	2	795900
803.8	n/a	NonTarget	1	803800
804.033	n/a	Target	2	804033
804.267	n/a	NonTarget	1	804267
804.5	n/a	NonTarget	1	804500
804.733	n/a	NonTarget	1	804733
804.967	n/a	NonTarget	1	804967
805.2	n/a	NonTarget	1	805200
805.433	n/a	NonTarget	1	805433
805.667	n/a	Target	2	805667
805.9	n/a	NonTarget	1	805900
806.133	n/a	NonTarget	1	806133
806.367	n/a	NonTarget	1	806367
806.6	n/a	NonTarget	1	806600
806.833	n/a	NonTarget	1	806833
807.067	n/a	NonTarget	1	807067
807.3	n/a	Target	2	807300
807.533	n/a	NonTarget	1	807533
807.766	n/a	NonTarget	1	807766
808.0	n/a	NonTarget	1	808000
808.233	n/a	NonTarget	1	808233
808.467	n/a	Target	2	808467
808.7	n/a	NonTarget	1	808700
808.933	n/a	NonTarget	1	808933
809.167	n/a	NonTarget	1	809167
809.399	n/a	Target	2	809399
809.633	n/a	NonTarget	1	809633
809.867	n/a	NonTarget	1	809867
810.1	n/a	NonTarget	1	810100
810.333	n/a	NonTarget	1	810333
810.566	n/a	NonTarget	1	810566
810.8	n/a	NonTarget	1	810800
811.033	n/a	NonTarget	1	811033
811.266	n/a	Target	2	811266
811.5	n/a	NonTarget	1	811500
811.733	n/a	NonTarget	1	811733
811.966	n/a	NonTarget	1	811966
812.2	n/a	Target	2	812200
812.433	n/a	NonTarget	1	812433
812.667	n/a	NonTarget	1	812667
812.9	n/a	NonTarget	1	812900
813.133	n/a	NonTarget	1	813133
813.366	n/a	NonTarget	1	813366
813.6	n/a	NonTarget	1	813600
813.833	n/a	NonTarget	1	813833
814.067	n/a	NonTarget	1	814067
814.299	n/a	Target	2	814299
814.533	n/a	NonTarget	1	814533
814.766	n/a	NonTarget	1	814766
814.999	n/a	NonTarget	1	814999
815.233	n/a	NonTarget	1	815233
815.467	n/a	NonTarget	1	815467
815.7	n/a	Target	2	815700
815.933	n/a	NonTarget	1	815933
816.166	n/a	NonTarget	1	816166
816.4	n/a	NonTarget	1	816400
816.633	n/a	Target	2	816633
816.866	n/a	NonTarget	1	816866
817.1	n/a	NonTarget	1	817100
817.332	n/a	NonTarget	1	817332
817.566	n/a	NonTarget	1	817566
825.516	n/a	NonTarget	1	825516
825.75	n/a	NonTarget	1	825750
825.983	n/a	NonTarget	1	825983
826.216	n/a	NonTarget	1	826216
826.449	n/a	Target	2	826449
826.683	n/a	NonTarget	1	826683
826.916	n/a	NonTarget	1	826916
827.149	n/a	NonTarget	1	827149
827.383	n/a	Target	2	827383
827.616	n/a	NonTarget	1	827616
827.849	n/a	NonTarget	1	827849
828.083	n/a	NonTarget	1	828083
828.316	n/a	Target	2	828316
828.549	n/a	NonTarget	1	828549
828.783	n/a	NonTarget	1	828783
829.016	n/a	NonTarget	1	829016
829.25	n/a	NonTarget	1	829250
829.483	n/a	NonTarget	1	829483
829.716	n/a	NonTarget	1	829716
829.949	n/a	NonTarget	1	829949
830.183	n/a	NonTarget	1	830183
830.416	n/a	NonTarget	1	830416
830.65	n/a	Target	2	830650
830.883	n/a	NonTarget	1	830883
831.116	n/a	NonTarget	1	831116
831.349	n/a	NonTarget	1	831349
831.582	n/a	NonTarget	1	831582
831.816	n/a	Target	2	831816
832.049	n/a	NonTarget	1	832049
832.283	n/a	NonTarget	1	832283
832.516	n/a	NonTarget	1	832516
832.749	n/a	Target	2	832749
832.983	n/a	NonTarget	1	832983
833.216	n/a	NonTarget	1	833216
833.449	n/a	NonTarget	1	833449
833.683	n/a	NonTarget	1	833683
833.916	n/a	NonTarget	1	833916
834.149	n/a	NonTarget	1	834149
834.383	n/a	NonTarget	1	834383
834.616	n/a	NonTarget	1	834616
834.849	n/a	NonTarget	1	834849
835.083	n/a	Target	2	835083
835.316	n/a	NonTarget	1	835316
835.549	n/a	NonTarget	1	835549
835.783	n/a	Target	2	835783
836.016	n/a	NonTarget	1	836016
836.249	n/a	NonTarget	1	836249
836.483	n/a	NonTarget	1	836483
836.716	n/a	Target	2	836716
836.949	n/a	NonTarget	1	836949
837.183	n/a	NonTarget	1	837183
837.416	n/a	NonTarget	1	837416
837.649	n/a	NonTarget	1	837649
837.883	n/a	NonTarget	1	837883
838.116	n/a	NonTarget	1	838116
838.349	n/a	NonTarget	1	838349
838.583	n/a	NonTarget	1	838583
838.816	n/a	NonTarget	1	838816
839.049	n/a	NonTarget	1	839049
839.283	n/a	Target	2	839283
847.233	n/a	NonTarget	1	847233
847.466	n/a	NonTarget	1	847466
847.699	n/a	NonTarget	1	847699
847.932	n/a	Target	2	847932
848.166	n/a	NonTarget	1	848166
848.399	n/a	NonTarget	1	848399
848.632	n/a	NonTarget	1	848632
848.866	n/a	NonTarget	1	848866
849.098	n/a	NonTarget	1	849098
849.332	n/a	NonTarget	1	849332
849.566	n/a	Target	2	849566
849.799	n/a	NonTarget	1	849799
850.032	n/a	NonTarget	1	850032
850.266	n/a	NonTarget	1	850266
850.499	n/a	NonTarget	1	850499
850.732	n/a	NonTarget	1	850732
850.966	n/a	NonTarget	1	850966
851.198	n/a	Target	2	851198
851.432	n/a	NonTarget	1	851432
851.666	n/a	NonTarget	1	851666
851.899	n/a	NonTarget	1	851899
852.132	n/a	Target	2	852132
852.366	n/a	NonTarget	1	852366
852.599	n/a	NonTarget	1	852599
852.832	n/a	NonTarget	1	852832
853.066	n/a	NonTarget	1	853066
853.299	n/a	Target	2	853299
853.532	n/a	NonTarget	1	853532
853.766	n/a	NonTarget	1	853766
853.999	n/a	NonTarget	1	853999
854.232	n/a	NonTarget	1	854232
854.466	n/a	NonTarget	1	854466
854.699	n/a	NonTarget	1	854699
854.932	n/a	Target	2	854932
855.166	n/a	NonTarget	1	855166
855.399	n/a	NonTarget	1	855399
855.632	n/a	NonTarget	1	855632
855.866	n/a	NonTarget	1	855866
856.099	n/a	NonTarget	1	856099
856.332	n/a	NonTarget	1	856332
856.565	n/a	Target	2	856565
856.799	n/a	NonTarget	1	856799
857.032	n/a	NonTarget	1	857032
857.266	n/a	NonTarget	1	857266
857.499	n/a	Target	2	857499
857.732	n/a	NonTarget	1	857732
857.966	n/a	NonTarget	1	857966
858.199	n/a	NonTarget	1	858199
858.432	n/a	NonTarget	1	858432
858.666	n/a	NonTarget	1	858666
858.899	n/a	Target	2	858899
859.132	n/a	NonTarget	1	859132
859.366	n/a	NonTarget	1	859366
859.599	n/a	NonTarget	1	859599
859.832	n/a	NonTarget	1	859832
860.065	n/a	NonTarget	1	860065
860.299	n/a	NonTarget	1	860299
860.532	n/a	Target	2	860532
860.765	n/a	NonTarget	1	860765
860.999	n/a	NonTarget	1	860999
